Date,Home Team,Home Score,Away Team,Away Score
2014-08-05,Carnahan,24,Soldan International Studies,17
2014-08-22,Dora,28,Alton,0
2014-08-22,John F. Kennedy,2,Bishop DuBourg,4
2014-08-22,Hartville,15,Dadeville,9
2014-08-22,Visitation Academy,4,Duchesne,6
2014-08-22,Battle,2,Fatima,6
2014-08-22,Kickapoo,1,Nixa,9
2014-08-22,Northeast Nodaway,0,North Harrison,10
2014-08-22,Cor Jesu Academy,4,Northwest (Cedar Hill),1
2014-08-22,Blue Springs,8,Park Hill South,1
2014-08-22,Lutheran St. Charles,17,Principia,3
2014-08-22,Rolla,2,St. James,3
2014-08-22,Winfield,1,Troy Buchanan,16
2014-08-22,Iberia,9,Vienna,8
2014-08-22,Hillcrest,0,Willard,6
2014-08-22,North Kansas City,0,Winnetonka,10
2014-08-23,Reeds Spring,14,Ava,3
2014-08-23,Cassville,9,Ava,4
2014-08-23,Hollister,14,Ava,13
2014-08-23,New Haven,3,Belle,6
2014-08-23,Linn,9,Belle,0
2014-08-23,Lee's Summit West,5,Belton,4
2014-08-23,Raytown,1,Belton,6
2014-08-23,Keytesville,9,Bevier,2
2014-08-23,Higbee,4,Bevier,1
2014-08-23,Pleasant Hill,5,Blue Springs South,8
2014-08-23,Oak Park,0,Blue Springs South,12
2014-08-23,Russellville,0,Boonville,25
2014-08-23,Pilot Grove,0,Boonville,15
2014-08-23,Eugene,2,Boonville,5
2014-08-23,Pleasant Hope,12,Branson,0
2014-08-23,Logan-Rogersville,8,Buffalo,1
2014-08-23,Branson,7,Buffalo,8
2014-08-23,Camdenton,14,Buffalo,2
2014-08-23,Glendale,0,Camdenton,17
2014-08-23,Iberia,10,Camdenton,12
2014-08-23,Versailles,0,Carrollton,6
2014-08-23,Fayette,1,Carrollton,9
2014-08-23,Marshall,7,Carrollton,6
2014-08-23,Reeds Spring,3,Cassville,8
2014-08-23,Hollister,0,Cassville,12
2014-08-23,St. Joseph's Academy,2,Central (Park Hills),4
2014-08-23,Pacific,6,Central (Park Hills),7
2014-08-23,Lee's Summit,10,Central (St. Joseph),0
2014-08-23,Odessa,5,Central (St. Joseph),10
2014-08-23,West Platte,5,East Buchanan,0
2014-08-23,North Platte,18,East Buchanan,0
2014-08-23,Lexington,5,East Buchanan,0
2014-08-23,Wright City,1,Eugene,11
2014-08-23,Central (Park Hills),2,Farmington,5
2014-08-23,Union,0,Farmington,15
2014-08-23,Washington,0,Farmington,5
2014-08-23,O'Hara,2,Fayette,17
2014-08-23,Warsaw,4,Fayette,5
2014-08-23,Father Tolton,20,Fredericktown,5
2014-08-23,Jefferson (Festus),9,Fredericktown,8
2014-08-23,North County,9,Fredericktown,0
2014-08-23,Osage,13,Glendale,1
2014-08-23,Branson,19,Glendale,0
2014-08-23,Worth County,3,Hallsville,13
2014-08-23,Montgomery County,13,Hancock,0
2014-08-23,Warsaw,6,Hancock,11
2014-08-23,Worth County,4,Harrisburg,0
2014-08-23,New Bloomfield,16,Harrisburg,1
2014-08-23,Park Hill,0,Harrisonville,7
2014-08-23,Kearney,4,Harrisonville,2
2014-08-23,St. James,6,Hermann,1
2014-08-23,New Haven,2,Hermann,10
2014-08-23,Hancock,3,Hermann,5
2014-08-23,Keytesville,8,Higbee,0
2014-08-23,Reeds Spring,11,Hollister,1
2014-08-23,Father Tolton,7,Jefferson (Festus),5
2014-08-23,Notre Dame (St. Louis),0,John F. Kennedy,2
2014-08-23,St. Pius X (Festus),17,John F. Kennedy,10
2014-08-23,Odessa,0,Lee's Summit,10
2014-08-23,St. Teresa's Academy,3,Lee's Summit North,5
2014-08-23,Liberty,4,Lee's Summit North,1
2014-08-23,Raytown,1,Lee's Summit West,7
2014-08-23,West Platte,4,Lexington,0
2014-08-23,North Platte,17,Lexington,6
2014-08-23,St. Teresa's Academy,2,Liberty,12
2014-08-23,Montgomery County,6,Linn,3
2014-08-23,Pleasant Hope,2,Logan-Rogersville,3
2014-08-23,Iberia,4,Logan-Rogersville,1
2014-08-23,California,2,Marshall,21
2014-08-23,New Franklin,0,Moberly,5
2014-08-23,Pilot Grove,6,Moberly,2
2014-08-23,Eugene,4,Moberly,1
2014-08-23,Schuyler County,5,New Bloomfield,3
2014-08-23,Wright City,4,New Franklin,2
2014-08-23,Father Tolton,4,North County,10
2014-08-23,Jefferson (Festus),10,North County,6
2014-08-23,West Platte,5,North Platte,10
2014-08-23,Fort Osage,9,Oak Grove,5
2014-08-23,St. Charles,1,Oak Grove,13
2014-08-23,Pleasant Hill,8,Oak Park,5
2014-08-23,Raytown,4,Oak Park,2
2014-08-23,California,1,O'Hara,17
2014-08-23,Iberia,8,Osage,3
2014-08-23,Pleasant Hope,3,Osage,2
2014-08-23,Liberty (Wentzville),3,Pacific,15
2014-08-23,Washington,5,Pacific,4
2014-08-23,Kearney,6,Park Hill,2
2014-08-23,Smithville,1,Platte County,2
2014-08-23,William Chrisman,1,Platte County,5
2014-08-23,Raytown South,0,Raymore-Peculiar,15
2014-08-23,Grain Valley,5,Raymore-Peculiar,11
2014-08-23,Grain Valley,10,Raytown South,0
2014-08-23,Worth County,4,Schuyler County,18
2014-08-23,Warsaw,7,Salem,10
2014-08-23,Marshall,16,Salem,4
2014-08-23,Versailles,19,Salem,1
2014-08-23,Wright City,4,Savannah,2
2014-08-23,Russellville,3,Savannah,10
2014-08-23,Pilot Grove,8,Savannah,0
2014-08-23,Van-Far,1,Southern Boone,16
2014-08-23,Hallsville,10,Southern Boone,2
2014-08-23,Liberty (Wentzville),6,St. Clair,5
2014-08-23,Washington,21,St. Clair,0
2014-08-23,St. Joseph's Academy,17,St. Clair,0
2014-08-23,Montgomery County,16,St. James,1
2014-08-23,Belle,6,St. James,3
2014-08-23,New Haven,9,Warsaw,7
2014-08-23,Linn,5,Warsaw,3
2014-08-23,Lutheran South,9,Webb City,7
2014-08-23,Fort Osage,4,St. Charles,10
2014-08-23,St. Joseph's Academy,2,Union,9
2014-08-23,O'Hara,1,Versailles,14
2014-08-23,California,1,Warsaw,8
2014-08-23,Van-Far,2,Westran,12
2014-08-23,Hallsville,4,Westran,6
2014-08-23,Schuyler County,2,Westran,0
2014-08-23,Smithville,5,William Chrisman,2
2014-08-25,South Nodaway,12,Albany,2
2014-08-25,Pleasant Hill,0,Belton,2
2014-08-25,Central (St. Joseph),3,Belton,6
2014-08-25,Lee's Summit West,3,Blue Springs South,6
2014-08-25,Lee's Summit,6,Blue Springs South,4
2014-08-25,Lebanon,0,Bolivar,8
2014-08-25,New Franklin,0,Boonville,10
2014-08-25,Hardin-Central,4,Braymer,9
2014-08-25,Maysville,2,Cameron,6
2014-08-25,Lamar,1,Carthage,16
2014-08-25,Hillsboro,2,Central (Cape Girardeau),13
2014-08-25,Harrisonville,1,Central (St. Joseph),4
2014-08-25,Macon,3,Centralia,9
2014-08-25,Knob Noster,2,Clinton,6
2014-08-25,New Haven,4,Cuba,19
2014-08-25,Hazelwood West,0,DeSoto,17
2014-08-25,Lawson,8,Excelsior Springs,9
2014-08-25,Fulton,0,Father Tolton,6
2014-08-25,Rockwood Summit,8,Festus,2
2014-08-25,Mehlville,4,Francis Howell,10
2014-08-25,Ritenour,1,Francis Howell North,7
2014-08-25,Ladue Horton Watkins,0,Ft. Zumwalt North,15
2014-08-25,McCluer North,0,Ft. Zumwalt West,15
2014-08-25,Prairie Home,6,Glasgow,3
2014-08-25,Central (Springfield),6,Glendale,5
2014-08-25,Pleasant Hill,4,Harrisonville,10
2014-08-25,Aurora,4,Hartville,9
2014-08-25,Northwestern (Mendon),7,Higbee,6
2014-08-25,Russellville,1,Jamestown,14
2014-08-25,Fredericktown,1,Jefferson (Festus),11
2014-08-25,Winnetonka,0,Kearney,12
2014-08-25,Lindbergh,3,Kirkwood,5
2014-08-25,Fayette,7,La Plata,10
2014-08-25,Kearney,2,Lee's Summit,5
2014-08-25,Kearney,1,Lee's Summit West,4
2014-08-25,Keytesville,7,Linn County,5
2014-08-25,Clopton,1,Louisiana,6
2014-08-25,Westminster Christian Academy,9,Lutheran St. Charles,3
2014-08-25,Penney,8,Marceline,0
2014-08-25,Palmyra,11,Mark Twain,1
2014-08-25,Parkway Central,2,Marquette,9
2014-08-25,Branson,0,Marshfield,4
2014-08-25,Hannibal,17,Mexico,4
2014-08-25,DeKalb,18,Mid-Buchanan,1
2014-08-25,Trenton,10,Milan,0
2014-08-25,Schuyler County,12,Moberly,2
2014-08-25,Webster Groves,12,Nerinx Hall,0
2014-08-25,Worth County,1,North Callaway,2
2014-08-25,St. Pius X (Kansas City),2,North Kansas City,12
2014-08-25,Parkway West,4,Northwest (Cedar Hill),5
2014-08-25,Lathrop,9,Notre Dame de Sion,7
2014-08-25,Park Hill,6,Oak Park,7
2014-08-25,Raytown,4,Oak Park,2
2014-08-25,Ursuline Academy,1,Oakville,11
2014-08-25,Park Hill,1,Odessa,5
2014-08-25,Raytown,8,Odessa,4
2014-08-25,Eldon,10,Osage,0
2014-08-25,Belle,6,Owensville,7
2014-08-25,Ft. Zumwalt East,2,Parkway North,9
2014-08-25,Pattonville,0,Parkway South,12
2014-08-25,Macks Creek,0,Pleasant Hope,15
2014-08-25,Perryville,11,Potosi,1
2014-08-25,Clark County,11,Putnam County,6
2014-08-25,East Prairie,0,Puxico,14
2014-08-25,Willow Springs,13,Smithville,4
2014-08-25,Lexington,2,South Nodaway,4
2014-08-25,Knox County,4,South Shelby,0
2014-08-25,Veritas Christian Academy,0,St. Dominic,19
2014-08-25,North Platte,11,Vienna,0
2014-08-25,Sikeston,5,St. Clair,4
2014-08-25,Rolla,7,Union,14
2014-08-25,Richland,3,Vienna,16
2014-08-25,El Dorado Springs,18,Walnut Grove,7
2014-08-25,Southern Boone,22,Warsaw,1
2014-08-25,Halfway,6,Weaubleau,19
2014-08-25,Ozark,14,West Plains,0
2014-08-25,Madison,4,Westran,22
2014-08-25,Monett,3,Willard,8
2014-08-26,Helias Catholic,4,Battle,5
2014-08-26,Riverview Gardens,10,Bayless,0
2014-08-26,Iberia,12,Belle,3
2014-08-26,East Buchanan,1,Bishop LeBlond,11
2014-08-26,Van-Far,0,Blair Oaks,8
2014-08-26,Highland,4,Bowling Green,3
2014-08-26,Penney,2,Brookfield,3
2014-08-26,Monett,7,Buffalo,0
2014-08-26,Seneca,7,Carthage,2
2014-08-26,Ste. Genevieve,1,Central (Park Hills),3
2014-08-26,Kelly,6,Chaffee,1
2014-08-26,Canton,5,Clopton,2
2014-08-26,Eureka,2,Cor Jesu Academy,5
2014-08-26,Macks Creek,1,Crocker,10
2014-08-26,Northwest (Cedar Hill),4,DeSoto,6
2014-08-26,Mansfield,1,Dora,6
2014-08-26,Southern Boone,2,Fatima,12
2014-08-26,Ladue Horton Watkins,4,Festus,6
2014-08-26,St. Dominic,11,Fox,8
2014-08-26,Marquette,2,Francis Howell,1
2014-08-26,Parkway South,10,Francis Howell North,0
2014-08-26,Farmington,13,Fredericktown,0
2014-08-26,Rockwood Summit,1,Ft. Zumwalt North,7
2014-08-26,Parkway North,5,Ft. Zumwalt West,10
2014-08-26,Eldon,14,Fulton,0
2014-08-26,Trenton,8,Gallatin,2
2014-08-26,Fort Osage,5,Grain Valley,7
2014-08-26,North Kansas City,1,Grandview,11
2014-08-26,Macon,4,Hallsville,14
2014-08-26,Northwestern (Mendon),5,Hardin-Central,3
2014-08-26,Marion C. Early,2,Hartville,12
2014-08-26,Parkway West,5,Hazelwood West,4
2014-08-26,Marshfield,15,Hillcrest,1
2014-08-26,St. Dominic,4,Holt,7
2014-08-26,Aurora,11,Humansville,0
2014-08-26,Lutheran St. Charles,6,Incarnate Word Academy,2
2014-08-26,Linn,4,Jamestown,5
2014-08-26,Lebanon,0,Jefferson City,10
2014-08-26,Oakville,6,Kirkwood,0
2014-08-26,Rockwood Summit,0,Kirkwood,10
2014-08-26,Warsaw,2,Knob Noster,9
2014-08-26,Novinger,0,Knox County,12
2014-08-26,East Newton,11,Lamar,0
2014-08-26,Braymer,10,Lathrop,13
2014-08-26,Richmond,6,Lawson,1
2014-08-26,Grain Valley,6,Lee's Summit North,19
2014-08-26,Smithville,2,Lee's Summit North,16
2014-08-26,Raymore-Peculiar,3,Liberty,6
2014-08-26,Platte County,0,Liberty,10
2014-08-26,Ava,22,Liberty (Mountain View),2
2014-08-26,Ursuline Academy,2,Lindbergh,8
2014-08-26,Marceline,16,Linn County,11
2014-08-26,Norwood,3,Logan-Rogersville,15
2014-08-26,St. Joseph's Academy,6,Lutheran South,10
2014-08-26,Bevier,10,Marion County,11
2014-08-26,Mexico,17,Marshall,1
2014-08-26,St. Elizabeth,15,Maryville,18
2014-08-26,Ft. Zumwalt East,4,McCluer North,8
2014-08-26,Nevada,2,McDonald County,3
2014-08-26,Thayer,9,Meadville,4
2014-08-26,Parkway Central,14,Mehlville,4
2014-08-26,Mark Twain,2,Monroe City,5
2014-08-26,Hermann,2,Montgomery County,17
2014-08-26,Alton,5,Neelyville,18
2014-08-26,New Bloomfield,9,New Haven,3
2014-08-26,Reeds Spring,2,Nixa,12
2014-08-26,Worth County,8,Northeast Nodaway,9
2014-08-26,Warrensburg,12,Notre Dame de Sion,7
2014-08-26,Platte County,10,Oak Grove,2
2014-08-26,Raymore-Peculiar,16,Oak Grove,1
2014-08-26,Warsaw,1,Owensville,15
2014-08-26,Duchesne,10,Pacific,5
2014-08-26,Van-Far,8,Paris,4
2014-08-26,Cassville,17,Parkview,0
2014-08-26,Ritenour,3,Pattonville,1
2014-08-26,Jefferson (Festus),2,Perryville,3
2014-08-26,North Andrew,18,Plattsburg,10
2014-08-26,Lexington,2,Polo,7
2014-08-26,North County,16,Potosi,0
2014-08-26,Higbee,7,Prairie Home,6
2014-08-26,North Harrison,3,Princeton,1
2014-08-26,Clayton,4,Principia,14
2014-08-26,St. Teresa's Academy,12,Raytown South,1
2014-08-26,St. Charles,22,Raytown South,1
2014-08-26,Hollister,0,Republic,21
2014-08-26,Carrollton,0,Schuyler County,10
2014-08-26,Worth County,1,Silex,6
2014-08-26,Glasgow,26,Salem,27
2014-08-26,Fort Osage,7,Smithville,11
2014-08-26,North Callaway,2,Slater,1
2014-08-26,Wright City,6,St. Clair,2
2014-08-26,Notre Dame (St. Louis),4,St. Joseph's Academy,5
2014-08-26,Vienna,3,St. James,9
2014-08-26,Francis Howell Central,12,Troy Buchanan,19
2014-08-26,William Chrisman,7,St. Charles,6
2014-08-26,Osage,16,Tuscumbia,4
2014-08-26,Warrenton,4,Union,3
2014-08-26,Eugene,9,Versailles,2
2014-08-26,Hazelwood Central,2,Visitation Academy,12
2014-08-26,Ft. Zumwalt South,5,Washington,2
2014-08-26,St. Pius X (Kansas City),1,West Platte,7
2014-08-26,St. Teresa's Academy,5,William Chrisman,4
2014-08-26,Winona,3,Willow Springs,4
2014-08-26,St. Charles,0,Winfield,15
2014-08-27,Hancock,16,Bayless,0
2014-08-27,Lee's Summit North,10,Belton,3
2014-08-27,Platte County,2,Blue Springs South,5
2014-08-27,Smithville,6,Central (St. Joseph),4
2014-08-27,Cameron,3,Excelsior Springs,2
2014-08-27,Holt,11,Fox,10
2014-08-27,Veritas Christian Academy,3,Fox,16
2014-08-27,Westran,13,Harrisburg,3
2014-08-27,Grain Valley,6,Harrisonville,3
2014-08-27,Boonville,0,Hickman,6
2014-08-27,South Nodaway,1,Holden,2
2014-08-27,Veritas Christian Academy,0,Holt,19
2014-08-27,Seckman,6,Jackson,0
2014-08-27,Potosi,1,Jefferson (Festus),11
2014-08-27,Windsor (Imperial),16,John F. Kennedy,8
2014-08-27,Ursuline Academy,15,Ladue Horton Watkins,0
2014-08-27,Ft. Zumwalt South,3,Lafayette (Wildwood),12
2014-08-27,Ozark,12,Lebanon,0
2014-08-27,Liberty,1,Lee's Summit,7
2014-08-27,Raymore-Peculiar,5,Lee's Summit West,6
2014-08-27,Battle,6,Moberly,4
2014-08-27,Chaffee,8,Notre Dame (Cape Girardeau),9
2014-08-27,Kearney,5,Oak Grove,0
2014-08-27,St. Charles,2,Oak Park,3
2014-08-27,William Chrisman,6,Odessa,2
2014-08-27,Raytown,8,Odessa,4
2014-08-27,St. Joseph's Academy,6,Pacific,10
2014-08-27,South Shelby,15,Paris,2
2014-08-27,Raytown South,1,Park Hill,14
2014-08-27,Central (Cape Girardeau),5,Perryville,4
2014-08-27,Fort Osage,4,Pleasant Hill,7
2014-08-27,La Plata,1,Putnam County,14
2014-08-27,St. Teresa's Academy,1,Raytown,6
2014-08-27,Laquey,7,Richland,17
2014-08-27,Cuba,13,Rolla,7
2014-08-27,Grandview,17,Ruskin,0
2014-08-27,Liberty (Wentzville),6,St. Charles,12
2014-08-27,Slater,16,Van-Far,4
2014-08-27,Summit Christian Academy,6,Winnetonka,10
2014-08-28,Bakersfield,19,Alton,4
2014-08-28,Marion County,6,Atlanta,5
2014-08-28,Newburg,5,Belle,15
2014-08-28,Mid-Buchanan,0,Bishop LeBlond,9
2014-08-28,Centralia,1,Blair Oaks,3
2014-08-28,Community,0,Bowling Green,10
2014-08-28,South Shelby,0,Brookfield,4
2014-08-28,St. Elizabeth,0,Cameron,15
2014-08-28,Schuyler County,6,Canton,10
2014-08-28,North County,1,Central (Park Hills),2
2014-08-28,Jefferson (Festus),1,Chaffee,3
2014-08-28,Wellsville-Middletown,1,Clopton,11
2014-08-28,Polo,3,DeKalb,5
2014-08-28,Ava,3,Dora,18
2014-08-28,Rosati-Kain,2,Duchesne,12
2014-08-28,Albany,2,East Buchanan,12
2014-08-28,Kelly,7,East Carter,1
2014-08-28,Oran,12,East Prairie,0
2014-08-28,Buffalo,5,El Dorado Springs,7
2014-08-28,Southern Boone,8,Eldon,7
2014-08-28,Macks Creek,9,Fair Play,10
2014-08-28,Holt,11,Fox,10
2014-08-28,Veritas Christian Academy,3,Fox,16
2014-08-28,Troy Buchanan,4,Francis Howell,6
2014-08-28,Marshall,3,Fulton,9
2014-08-28,Milan,1,Gallatin,2
2014-08-28,Camdenton,18,Glendale,0
2014-08-28,Bevier,1,Green City,11
2014-08-28,Boonville,15,Hannibal,2
2014-08-28,Keytesville,5,Hardin-Central,3
2014-08-28,Rolla,0,Helias Catholic,10
2014-08-28,Windsor (Imperial),18,Herculaneum,1
2014-08-28,Bourbon,0,Hermann,11
2014-08-28,Leeton,9,Hermitage,5
2014-08-28,Troy Buchanan,13,Hillsboro,2
2014-08-28,Cassville,23,Hollister,2
2014-08-28,Weaubleau,16,Humansville,4
2014-08-28,Lutheran St. Charles,6,Incarnate Word Academy,2
2014-08-28,Van-Far,0,Jefferson City,7
2014-08-28,Moberly,7,Kirksville,5
2014-08-28,Rockwood Summit,0,Kirkwood,10
2014-08-28,Winona,11,Koshkonong,6
2014-08-28,Higbee,5,La Plata,15
2014-08-28,Eureka,1,Lafayette (Wildwood),2
2014-08-28,Chillicothe,2,Lawson,3
2014-08-28,Norwood,5,Lebanon,10
2014-08-28,Van Buren,16,Liberty (Mountain View),14
2014-08-28,Owensville,2,Linn,7
2014-08-28,Branson,0,Logan-Rogersville,10
2014-08-28,Central (Springfield),0,Mansfield,9
2014-08-28,Putnam County,8,Marceline,3
2014-08-28,Lindbergh,7,Marquette,5
2014-08-28,Macon,1,Monroe City,0
2014-08-28,Notre Dame (Cape Girardeau),2,Naylor,0
2014-08-28,Tuscumbia,2,New Bloomfield,18
2014-08-28,Salem,1,New Franklin,12
2014-08-28,Lafayette (St. Joseph),2,North Platte,3
2014-08-28,Brashear,3,North Shelby,6
2014-08-28,Madison,0,Northeast (Cairo),15
2014-08-28,Warrensburg,16,O'Hara,0
2014-08-28,Warrenton,5,Orchard Farm,0
2014-08-28,Lafayette County,2,Penney,12
2014-08-28,Jackson,5,Perryville,0
2014-08-28,Schuyler County,6,Pilot Grove,3
2014-08-28,Nixa,6,Pleasant Hope,4
2014-08-28,Sikeston,1,Poplar Bluff,9
2014-08-28,Central (Cape Girardeau),1,Portageville,5
2014-08-28,Fredericktown,18,Potosi,12
2014-08-28,Harrisburg,10,Prairie Home,9
2014-08-28,Walnut Grove,3,Reeds Spring,13
2014-08-28,Monett,2,Republic,1
2014-08-28,Montgomery County,1,Silex,5
2014-08-28,Clinton,9,Savannah,4
2014-08-28,St. Joseph's Academy,2,St. Clair,3
2014-08-28,Nevada,10,St. Pius X (Kansas City),2
2014-08-28,Farmington,12,Ste. Genevieve,0
2014-08-28,Dixon,20,Warsaw,5
2014-08-28,Houston,11,Westran,1
2014-08-28,Fayette,5,Worth County,2
2014-08-28,Carrollton,6,Trenton,9
2014-08-28,Puxico,0,St. Clair,3
2014-08-28,Soldan International Studies,0,Valley Park,15
2014-08-28,North Callaway,22,Van-Far,3
2014-08-28,Knob Noster,4,Versailles,5
2014-08-28,Parkview,1,West Plains,3
2014-08-28,Kickapoo,2,Willard,7
2014-08-28,Thayer,9,Willow Springs,7
2014-08-28,North Kansas City,0,Winnetonka,10
2014-08-28,Tri-County,0,Winston,15
2014-08-28,Elsberry,1,Wright City,4
2014-08-29,Jackson,3,Affton,1
2014-08-29,Duchesne,1,Affton,4
2014-08-29,Gainesville,11,Alton,1
2014-08-29,Riverview Gardens,10,Bayless,0
2014-08-29,John F. Kennedy,2,Bishop DuBourg,4
2014-08-29,Staley,4,Blue Springs,3
2014-08-29,McDonald County,3,Blue Springs,10
2014-08-29,Seneca,0,Blue Springs,6
2014-08-29,Park Hill South,11,Carl Junction,2
2014-08-29,Carthage,6,Carl Junction,7
2014-08-29,Park Hill South,13,Carthage,2
2014-08-29,Nevada,14,Carthage,3
2014-08-29,Joplin,7,Carthage,8
2014-08-29,Rosati-Kain,6,Central (Cape Girardeau),4
2014-08-29,Duchesne,4,Central (Cape Girardeau),0
2014-08-29,Fair Play,15,Central (Springfield),3
2014-08-29,Dadeville,3,Central (Springfield),10
2014-08-29,Rosati-Kain,0,Cor Jesu Academy,10
2014-08-29,Tuscumbia,5,Crocker,15
2014-08-29,Halfway,5,Dadeville,4
2014-08-29,Koshkonong,0,Dora,10
2014-08-29,Helias Catholic,4,Eldon,2
2014-08-29,Washington,10,Eldon,2
2014-08-29,Oakville,0,Eureka,2
2014-08-29,Oakville,1,Ft. Zumwalt North,0
2014-08-29,Marion C. Early,3,Hartville,19
2014-08-29,Liberty North,11,Helias Catholic,4
2014-08-29,Battle,12,Helias Catholic,2
2014-08-29,Mexico,16,Hillcrest,1
2014-08-29,Liberty North,15,Hillcrest,0
2014-08-29,Battle,16,Hillcrest,0
2014-08-29,Helias Catholic,12,Hillcrest,2
2014-08-29,Northwest (Cedar Hill),7,Hillsboro,10
2014-08-29,Lindbergh,3,Jackson,14
2014-08-29,Troy Buchanan,15,Jefferson City,5
2014-08-29,Staley,14,Joplin,0
2014-08-29,Nevada,8,Joplin,7
2014-08-29,Webb City,13,Joplin,3
2014-08-29,Eureka,1,Lafayette (Wildwood),2
2014-08-29,Duchesne,9,Lindbergh,8
2014-08-29,Trinity Catholic,22,Lutheran North,1
2014-08-29,Pacific,0,Lutheran South,10
2014-08-29,Laquey,1,Macks Creek,12
2014-08-29,Norwood,2,Marion C. Early,1
2014-08-29,Community,3,Marion County,5
2014-08-29,Parkview,4,Marshfield,7
2014-08-29,Seneca,1,McDonald County,3
2014-08-29,Slater,8,Mexico,3
2014-08-29,Washington,3,Mexico,6
2014-08-29,Staley,11,Nevada,0
2014-08-29,Webb City,11,Nevada,8
2014-08-29,Hallsville,2,New Bloomfield,8
2014-08-29,Madison,1,New Franklin,11
2014-08-29,Bolivar,3,Nixa,4
2014-08-29,St. Pius X (Festus),6,Notre Dame (St. Louis),2
2014-08-29,Grandview,23,O'Hara,8
2014-08-29,Staley,6,Park Hill South,5
2014-08-29,Parkway North,13,Parkway Central,0
2014-08-29,Climax Springs,0,Richland,15
2014-08-29,Puxico,1,Sikeston,17
2014-08-29,Eldon,3,Slater,4
2014-08-29,Battle,2,Slater,3
2014-08-29,Pattonville,11,St. Charles,1
2014-08-29,Belle,1,St. James,8
2014-08-29,Ft. Zumwalt West,7,Timberland,8
2014-08-29,Hancock,21,University City,2
2014-08-29,Parkway West,13,Ursuline Academy,3
2014-08-29,Liberty North,10,Washington,0
2014-08-29,Staley,7,Webb City,2
2014-08-29,Seckman,15,Webster Groves,8
2014-08-29,Lutheran St. Charles,3,Westminster Christian Academy,9
2014-08-29,Bowling Green,9,Winfield,1
2014-08-30,Lindbergh,9,Affton,0
2014-08-30,Rosati-Kain,1,Affton,14
2014-08-30,Liberty (Mountain View),9,Alton,10
2014-08-30,Gainesville,11,Alton,1
2014-08-30,Koshkonong,10,Alton,6
2014-08-30,Salem,11,Bakersfield,0
2014-08-30,Laquey,5,Bakersfield,9
2014-08-30,Smithville,5,Bakersfield,14
2014-08-30,Notre Dame (St. Louis),2,Bishop DuBourg,4
2014-08-30,St. Pius X (Festus),14,Bishop DuBourg,8
2014-08-30,Seneca,0,Blue Springs,6
2014-08-30,Staley,4,Blue Springs,3
2014-08-30,Knox County,2,Brookfield,6
2014-08-30,North Shelby,0,Brookfield,9
2014-08-30,Clark County,7,Brookfield,10
2014-08-30,Marshall,0,Canton,13
2014-08-30,Knox County,4,Canton,1
2014-08-30,Clark County,4,Canton,3
2014-08-30,Webb City,6,Carl Junction,2
2014-08-30,Nevada,14,Carthage,3
2014-08-30,Joplin,7,Carthage,8
2014-08-30,Cor Jesu Academy,13,Central (Cape Girardeau),6
2014-08-30,Duchesne,13,Central (Cape Girardeau),6
2014-08-30,Dadeville,3,Central (Springfield),9
2014-08-30,Humansville,5,Central (Springfield),11
2014-08-30,Hermitage,7,Dadeville,8
2014-08-30,Willow Springs,1,Dora,7
2014-08-30,Thayer,3,Dora,7
2014-08-30,Washington,4,Eldon,3
2014-08-30,Weaubleau,3,Fair Play,8
2014-08-30,Halfway,2,Fair Play,5
2014-08-30,Thayer,11,Gainesville,1
2014-08-30,Willow Springs,6,Gainesville,4
2014-08-30,Leeton,4,Halfway,5
2014-08-30,Worth County,2,Hallsville,12
2014-08-30,Norwood,7,Hartville,3
2014-08-30,Humansville,2,Hermitage,15
2014-08-30,Eldon,12,Hillcrest,2
2014-08-30,Helias Catholic,12,Hillcrest,2
2014-08-30,Winona,9,Houston,8
2014-08-30,Smithville,10,Houston,9
2014-08-30,Duchesne,3,Jackson,16
2014-08-30,Notre Dame (St. Louis),0,John F. Kennedy,2
2014-08-30,St. Pius X (Festus),17,John F. Kennedy,10
2014-08-30,McDonald County,13,Joplin,9
2014-08-30,Marion County,0,Knox County,10
2014-08-30,Willow Springs,6,Koshkonong,0
2014-08-30,Weaubleau,8,Leeton,17
2014-08-30,Thayer,18,Liberty (Mountain View),3
2014-08-30,Battle,2,Liberty North,9
2014-08-30,Cor Jesu Academy,8,Lindbergh,3
2014-08-30,Smithville,3,Mansfield,15
2014-08-30,North Shelby,4,Marion County,7
2014-08-30,Marshall,3,Marion County,0
2014-08-30,West Plains,3,Marshfield,5
2014-08-30,Norwood,2,Marshfield,12
2014-08-30,Nevada,2,McDonald County,8
2014-08-30,Slater,7,Mexico,4
2014-08-30,Battle,3,Mexico,4
2014-08-30,North Shelby,4,Monroe City,8
2014-08-30,Clark County,8,Monroe City,0
2014-08-30,Marshall,1,Monroe City,9
2014-08-30,Staley,6,Park Hill South,5
2014-08-30,Marion C. Early,0,Parkview,1
2014-08-30,Walnut Grove,3,Parkview,7
2014-08-30,Winona,2,Salem,12
2014-08-30,Mansfield,4,Salem,3
2014-08-30,Webb City,5,Seneca,4
2014-08-30,Liberty North,1,Slater,0
2014-08-30,Houston,15,Warsaw,5
2014-08-30,Mansfield,12,Warsaw,0
2014-08-30,Laquey,2,Warsaw,13
2014-08-30,Helias Catholic,5,Washington,7
2014-08-30,Hartville,3,West Plains,4
2014-08-30,Laquey,5,Winona,8
2014-09-01,Carrollton,15,Fayette,0
2014-09-02,La Plata,11,Atlanta,13
2014-09-02,Savannah,10,Benton,15
2014-09-02,Linn County,22,Bevier,7
2014-09-02,Kearney,0,Blue Springs,3
2014-09-02,Lee's Summit West,2,Blue Springs South,1
2014-09-02,Willard,4,Bolivar,10
2014-09-02,Marshall,1,Boonville,14
2014-09-02,Reeds Spring,4,Branson,12
2014-09-02,Valley Park,19,Brentwood,0
2014-09-02,Maryville,0,Cameron,15
2014-09-02,Lafayette County,4,Carrollton,5
2014-09-02,Fredericktown,1,Central (Park Hills),16
2014-09-02,Lafayette (St. Joseph),6,Chillicothe,4
2014-09-02,Warsaw,2,Cuba,7
2014-09-02,Herculaneum,0,DeSoto,15
2014-09-02,St. Clair,7,Doniphan,6
2014-09-02,East Carter,15,East Prairie,8
2014-09-02,Bowling Green,12,Elsberry,1
2014-09-02,Dadeville,2,Fair Play,12
2014-09-02,Jefferson City,7,Fatima,0
2014-09-02,Jamestown,4,Fayette,6
2014-09-02,North Kansas City,4,Fort Osage,9
2014-09-02,Troy Buchanan,4,Francis Howell,6
2014-09-02,Francis Howell Central,6,Ft. Zumwalt West,3
2014-09-02,Pleasant Hill,12,Grain Valley,2
2014-09-02,Belton,10,Grandview,0
2014-09-02,Westran,4,Hallsville,1
2014-09-02,McCluer,0,Hazelwood West,17
2014-09-02,Weaubleau,2,Hermitage,12
2014-09-02,Waynesville,10,Hillcrest,6
2014-09-02,Liberty (Mountain View),5,Houston,11
2014-09-02,Naylor,1,Kelly,4
2014-09-02,Mexico,9,Kirksville,5
2014-09-02,Parkway Central,3,Kirkwood,11
2014-09-02,Marquette,2,Kirkwood,2
2014-09-02,Brashear,0,Knox County,15
2014-09-02,Oakville,15,Ladue Horton Watkins,0
2014-09-02,Richmond,6,Lexington,5
2014-09-02,Oak Park,0,Liberty North,10
2014-09-02,Parkway North,5,Lindbergh,0
2014-09-02,Parkway West,6,Lindbergh,3
2014-09-02,Principia,5,Lutheran St. Charles,7
2014-09-02,Brookfield,1,Macon,5
2014-09-02,Brunswick,6,Madison,21
2014-09-02,Parkway Central,2,Marquette,11
2014-09-02,Gallatin,16,Maysville,4
2014-09-02,Carthage,0,McDonald County,3
2014-09-02,Ursuline Academy,10,Mehlville,7
2014-09-02,South Nodaway,6,Mid-Buchanan,5
2014-09-02,Hannibal,7,Moberly,4
2014-09-02,Clark County,8,Monroe City,3
2014-09-02,Mark Twain,0,Montgomery County,10
2014-09-02,Oran,2,Neelyville,1
2014-09-02,St. Joseph's Academy,6,Nerinx Hall,2
2014-09-02,Hardin-Central,0,Norborne,17
2014-09-02,Ste. Genevieve,4,North County,10
2014-09-02,New Franklin,5,Northeast (Cairo),11
2014-09-02,North Andrew,14,Northeast Nodaway,6
2014-09-02,Webster Groves,8,Northwest (Cedar Hill),0
2014-09-02,Parkway South,8,Northwest (Cedar Hill),5
2014-09-02,Portageville,1,Notre Dame (Cape Girardeau),2
2014-09-02,Green City,19,Novinger,2
2014-09-02,Harrisonville,10,Oak Grove,2
2014-09-02,Excelsior Springs,12,Odessa,7
2014-09-02,Hermann,0,Pacific,11
2014-09-02,Louisiana,0,Palmyra,5
2014-09-02,Ruskin,0,Park Hill South,15
2014-09-02,Parkway West,6,Parkway North,2
2014-09-02,Webster Groves,3,Parkway South,2
2014-09-02,Holt,8,Pattonville,2
2014-09-02,Ritenour,10,Pattonville,6
2014-09-02,Meadville,0,Penney,12
2014-09-02,Harrisburg,6,Pilot Grove,12
2014-09-02,Raytown South,0,Platte County,8
2014-09-02,Rolla,3,Pleasant Hope,8
2014-09-02,Farmington,17,Potosi,0
2014-09-02,Albany,1,Princeton,7
2014-09-02,Veritas Christian Academy,8,Principia,12
2014-09-02,William Chrisman,2,Raytown,9
2014-09-02,Marshfield,1,Republic,9
2014-09-02,Holt,9,Ritenour,1
2014-09-02,Vienna,3,Russellville,13
2014-09-02,South Shelby,5,Scotland County,4
2014-09-02,Lutheran South,0,Seckman,7
2014-09-02,Hollister,4,Smithville,14
2014-09-02,Perryville,7,Sikeston,8
2014-09-02,Bishop LeBlond,4,Smithville,5
2014-09-02,Fulton,0,Slater,5
2014-09-02,Worth County,20,St. Elizabeth,4
2014-09-02,St. Pius X (Kansas City),0,St. Teresa's Academy,12
2014-09-02,Liberty,1,Staley,4
2014-09-02,Polo,5,Vienna,7
2014-09-02,St. Clair,2,Webb City,12
2014-09-02,Lawson,2,Trenton,1
2014-09-02,Puxico,2,Van Buren,12
2014-09-02,Humansville,10,Walnut Grove,8
2014-09-02,St. Charles,1,Warrenton,11
2014-09-02,Osage,3,Warsaw,5
2014-09-02,Lutheran North,3,Westminster Christian Academy,18
2014-09-02,Jefferson (Festus),1,Windsor (Imperial),20
2014-09-02,Braymer,16,Winston,4
2014-09-03,Father Tolton,3,Battle,6
2014-09-03,Trinity Catholic,9,Bishop DuBourg,4
2014-09-03,Fredericktown,0,DeSoto,10
2014-09-03,Westran,0,Dixon,15
2014-09-03,St. Joseph's Academy,2,Duchesne,9
2014-09-03,Washington,2,Eureka,6
2014-09-03,St. Charles,2,Fort Osage,9
2014-09-03,Seckman,6,Fox,0
2014-09-03,Ft. Zumwalt North,17,Francis Howell Central,9
2014-09-03,Oakville,11,Ft. Zumwalt South,1
2014-09-03,Joplin,17,Glendale,0
2014-09-03,Hickman,12,Hallsville,6
2014-09-03,Mehlville,20,Hancock,0
2014-09-03,Riverview Gardens,2,Hazelwood Central,9
2014-09-03,McCluer North,17,Hazelwood East,0
2014-09-03,Central (Cape Girardeau),3,Jackson,4
2014-09-03,Westminster Christian Academy,2,John F. Kennedy,0
2014-09-03,Holt,8,Kirkwood,0
2014-09-03,Webster Groves,5,Kirkwood,6
2014-09-03,Rockwood Summit,0,Lafayette (Wildwood),5
2014-09-03,Liberty North,2,Lee's Summit West,7
2014-09-03,Parkway Central,0,Lindbergh,10
2014-09-03,Festus,16,Lutheran South,8
2014-09-03,Ritenour,6,Marquette,5
2014-09-03,Parkway South,11,Marquette,1
2014-09-03,Hazelwood West,17,McCluer,0
2014-09-03,Keytesville,7,Meadville,1
2014-09-03,Poplar Bluff,9,Naylor,4
2014-09-03,Visitation Academy,0,Nerinx Hall,5
2014-09-03,North Platte,14,North Andrew,0
2014-09-03,Herculaneum,0,North County,15
2014-09-03,Pattonville,3,Northwest (Cedar Hill),1
2014-09-03,Affton,0,Notre Dame (Cape Girardeau),7
2014-09-03,St. Joseph's Academy,1,Oakville,15
2014-09-03,St. Pius X (Kansas City),4,Odessa,14
2014-09-03,Harrisonville,15,O'Hara,4
2014-09-03,Van Buren,4,Oran,0
2014-09-03,Kickapoo,0,Ozark,10
2014-09-03,Holt,5,Parkway North,1
2014-09-03,Webster Groves,5,Parkway North,4
2014-09-03,Parkway West,4,Parkway South,3
2014-09-03,Ritenour,6,Parkway West,7
2014-09-03,Bourbon,1,Potosi,16
2014-09-03,Notre Dame (St. Louis),3,Rosati-Kain,2
2014-09-03,Farmington,11,Sikeston,1
2014-09-03,Windsor (Imperial),11,Webb City,1
2014-09-03,Orchard Farm,10,Veritas Christian Academy,4
2014-09-03,Duchesne,5,Visitation Academy,2
2014-09-03,Elsberry,1,Wright City,4
2014-09-04,Pleasant Hope,12,Ava,0
2014-09-04,Linn,14,Belle,4
2014-09-04,Smithville,0,Benton,5
2014-09-04,Chillicothe,4,Bishop LeBlond,14
2014-09-04,Eldon,0,Blair Oaks,13
2014-09-04,Lee's Summit West,1,Blue Springs,7
2014-09-04,Mark Twain,0,Bowling Green,12
2014-09-04,Maysville,13,Braymer,3
2014-09-04,Logan-Rogersville,12,Buffalo,4
2014-09-04,Hillcrest,5,Camdenton,15
2014-09-04,Republic,13,Carthage,3
2014-09-04,Ruskin,0,Central (St. Joseph),15
2014-09-04,Scotland County,1,Clark County,2
2014-09-04,Halfway,10,Climax Springs,0
2014-09-04,St. Pius X (Kansas City),5,Clinton,14
2014-09-04,Elsberry,0,Clopton,12
2014-09-04,Duchesne,2,Cor Jesu Academy,10
2014-09-04,Marion C. Early,8,Dadeville,5
2014-09-04,Westran,0,Dixon,15
2014-09-04,West Platte,16,East Buchanan,0
2014-09-04,Harrisonville,11,Excelsior Springs,0
2014-09-04,Central (Park Hills),5,Farmington,3
2014-09-04,Higbee,4,Fayette,14
2014-09-04,Francis Howell North,4,Francis Howell Central,5
2014-09-04,North County,12,Fredericktown,0
2014-09-04,Ft. Zumwalt East,0,Ft. Zumwalt North,7
2014-09-04,Oakville,11,Ft. Zumwalt South,1
2014-09-04,Norwood,11,Gainesville,0
2014-09-04,Princeton,0,Gallatin,14
2014-09-04,Joplin,17,Glendale,0
2014-09-04,Odessa,1,Grain Valley,5
2014-09-04,Platte County,15,Grandview,2
2014-09-04,Putnam County,11,Green City,6
2014-09-04,Winston,7,Grundy County,6
2014-09-04,Mexico,8,Hannibal,5
2014-09-04,Northeast (Cairo),20,Harrisburg,8
2014-09-04,New Haven,2,Hermann,12
2014-09-04,El Dorado Springs,10,Hermitage,0
2014-09-04,Brookfield,3,Highland,5
2014-09-04,Cuba,15,Houston,9
2014-09-04,Wheatland,2,Humansville,12
2014-09-04,Notre Dame (Cape Girardeau),13,Jackson,0
2014-09-04,Prairie Home,8,Jamestown,16
2014-09-04,Herculaneum,1,Jefferson (Festus),11
2014-09-04,Northwestern (Mendon),6,Keytesville,9
2014-09-04,Fulton,3,Kirksville,13
2014-09-04,Parkway South,2,Kirkwood,0
2014-09-04,Carrollton,13,Knob Noster,0
2014-09-04,North Platte,9,Lathrop,4
2014-09-04,Kickapoo,9,Lebanon,11
2014-09-04,Hardin-Central,3,Leeton,1
2014-09-04,Holden,3,Lexington,2
2014-09-04,Pattonville,3,Lindbergh,8
2014-09-04,Veritas Christian Academy,0,Lutheran St. Charles,15
2014-09-04,Central (Springfield),6,Macks Creek,3
2014-09-04,Atlanta,17,Madison,3
2014-09-04,Smithville,2,Mansfield,12
2014-09-04,La Plata,0,Marceline,12
2014-09-04,Parkway North,4,Marquette,8
2014-09-04,Hollister,0,Marshfield,15
2014-09-04,Lafayette (St. Joseph),13,Maryville,1
2014-09-04,Trinity Catholic,16,McCluer,5
2014-09-04,Bishop DuBourg,10,Mehlville,8
2014-09-04,Riverview Gardens,18,Metro,14
2014-09-04,Plattsburg,15,Mid-Buchanan,3
2014-09-04,Schuyler County,7,Milan,0
2014-09-04,Boonville,16,Moberly,4
2014-09-04,Palmyra,7,Monroe City,8
2014-09-04,Naylor,5,Neelyville,1
2014-09-04,O'Hara,2,Nevada,17
2014-09-04,Russellville,6,New Bloomfield,16
2014-09-04,Laquey,19,Newburg,25
2014-09-04,Ozark,17,Nixa,3
2014-09-04,Glasgow,0,Norborne,15
2014-09-04,Tri-County,0,North Harrison,15
2014-09-04,Canton,18,North Shelby,1
2014-09-04,Parkway Central,5,Northwest (Cedar Hill),13
2014-09-04,St. Dominic,11,Notre Dame (St. Louis),1
2014-09-04,North Kansas City,0,Oak Park,9
2014-09-04,Winfield,19,Orchard Farm,9
2014-09-04,Versailles,7,Osage,3
2014-09-04,Rolla,14,Parkview,10
2014-09-04,Holt,6,Parkway West,5
2014-09-04,Lawson,5,Penney,6
2014-09-04,Portageville,3,Perryville,1
2014-09-04,Oak Grove,5,Pleasant Hill,4
2014-09-04,Perryville,4,Poplar Bluff,2
2014-09-04,Hancock,3,Principia,5
2014-09-04,Poplar Bluff,10,Puxico,21
2014-09-04,Blue Springs South,6,Raymore-Peculiar,5
2014-09-04,Fort Osage,0,Raytown,10
2014-09-04,Bolivar,15,Reeds Spring,1
2014-09-04,Crocker,11,Richland,4
2014-09-04,Lafayette County,8,Richmond,13
2014-09-04,Webster Groves,11,Ritenour,2
2014-09-04,Cameron,16,Savannah,0
2014-09-04,Summit Christian Academy,0,South Nodaway,6
2014-09-04,Notre Dame (Cape Girardeau),7,Sikeston,1
2014-09-04,Chaffee,4,Sikeston,5
2014-09-04,North Andrew,11,South Nodaway,4
2014-09-04,Marion County,0,South Shelby,14
2014-09-04,Hickman,10,Southern Boone,1
2014-09-04,Owensville,13,St. Clair,2
2014-09-04,Rosati-Kain,5,St. Joseph's Academy,12
2014-09-04,Webb City,8,St. James,6
2014-09-04,Seckman,1,St. Joseph's Academy,0
2014-09-04,Festus,10,St. Pius X (Festus),5
2014-09-04,Potosi,4,Ste. Genevieve,14
2014-09-04,Father Tolton,9,Worth County,4
2014-09-04,Dora,0,Thayer,1
2014-09-04,Troy Buchanan,11,Timberland,1
2014-09-04,Park Hill South,10,St. Charles,0
2014-09-04,Slater,19,Tuscumbia,3
2014-09-04,East Carter,7,St. Clair,1
2014-09-04,Pacific,1,Union,5
2014-09-04,Incarnate Word Academy,15,University City,0
2014-09-04,Bayless,0,Valley Park,15
2014-09-04,Alton,2,Van Buren,18
2014-09-04,Community,4,Van-Far,6
2014-09-04,Bourbon,0,Vienna,15
2014-09-04,Savannah,1,Warrensburg,16
2014-09-04,Lutheran South,4,Washington,3
2014-09-04,West Plains,6,Waynesville,5
2014-09-04,Branson,0,Webb City,10
2014-09-04,North Callaway,13,Wellsville-Middletown,0
2014-09-04,Staley,13,William Chrisman,0
2014-09-04,Bakersfield,0,Willow Springs,9
2014-09-04,Raytown South,5,Winnetonka,9
2014-09-04,Liberty (Mountain View),1,Winona,11
2014-09-04,Montgomery County,11,Wright City,3
2014-09-05,Notre Dame (St. Louis),8,Affton,1
2014-09-05,Doniphan,13,Alton,2
2014-09-05,New Franklin,11,Atlanta,1
2014-09-05,Brentwood,10,Bayless,22
2014-09-05,Raytown,2,Belton,3
2014-09-05,Fatima,6,Blair Oaks,7
2014-09-05,Ft. Zumwalt South,0,Bowling Green,4
2014-09-05,Jefferson City,15,Camdenton,2
2014-09-05,Marion County,1,Canton,13
2014-09-05,Climax Springs,0,Central (Springfield),13
2014-09-05,Metro,9,Cleveland NJROTC,0
2014-09-05,Iberia,7,Crocker,3
2014-09-05,Notre Dame (Cape Girardeau),0,DeSoto,11
2014-09-05,Ste. Genevieve,0,DeSoto,15
2014-09-05,Hartville,3,Dora,8
2014-09-05,Cor Jesu Academy,3,Francis Howell,5
2014-09-05,Palmyra,8,Francis Howell Central,9
2014-09-05,Duchesne,8,Ft. Zumwalt East,10
2014-09-05,Waynesville,1,Ft. Zumwalt North,8
2014-09-05,Francis Howell North,3,Ft. Zumwalt South,9
2014-09-05,Bakersfield,1,Gainesville,11
2014-09-05,Worth County,14,Glasgow,0
2014-09-05,Logan-Rogersville,15,Glendale,0
2014-09-05,St. Teresa's Academy,12,Grandview,1
2014-09-05,Ft. Zumwalt West,7,Hazelwood West,5
2014-09-05,Webb City,16,Helias Catholic,8
2014-09-05,Highland,5,Hillsboro,4
2014-09-05,Marion C. Early,21,Hollister,0
2014-09-05,Webb City,16,Jefferson City,8
2014-09-05,Bishop DuBourg,2,John F. Kennedy,8
2014-09-05,Poplar Bluff,0,Kelly,15
2014-09-05,Naylor,0,Kelly,2
2014-09-05,Higbee,4,Keytesville,14
2014-09-05,Westminster Christian Academy,8,Ladue Horton Watkins,1
2014-09-05,Seckman,20,Ladue Horton Watkins,1
2014-09-05,Grain Valley,0,Lee's Summit,11
2014-09-05,Liberty North,2,Lee's Summit West,7
2014-09-05,Knob Noster,9,Leeton,4
2014-09-05,Principia,19,Lutheran North,0
2014-09-05,Hermitage,5,Macks Creek,13
2014-09-05,University City,0,McCluer North,17
2014-09-05,Nixa,0,McDonald County,4
2014-09-05,Linn County,20,Meadville,2
2014-09-05,Gateway,1,Miller Career Academy,3
2014-09-05,St. Pius X (Festus),2,Naylor,7
2014-09-05,Brunswick,1,Northeast (Cairo),16
2014-09-05,West Plains,7,Norwood,0
2014-09-05,Bevier,12,Novinger,9
2014-09-05,Ste. Genevieve,11,Oran,4
2014-09-05,St. Joseph's Academy,6,Pacific,10
2014-09-05,Lebanon,14,Parkview,11
2014-09-05,Parkway South,6,Rockwood Summit,3
2014-09-05,Clayton,1,Rosati-Kain,17
2014-09-05,Bowling Green,1,Slater,2
2014-09-05,Visitation Academy,4,St. Joseph's Academy,20
2014-09-05,Laquey,3,Westran,6
2014-09-05,Warrenton,3,Timberland,2
2014-09-05,McCluer,5,Trinity Catholic,16
2014-09-05,Winfield,1,Troy Buchanan,16
2014-09-05,Roosevelt,15,Waynesville,17
2014-09-05,Salem,0,Vienna,0
2014-09-05,Kickapoo,5,Waynesville,9
2014-09-05,Walnut Grove,13,Wheatland,2
2014-09-06,Gallatin,10,Albany,3
2014-09-06,North Andrew,9,Albany,8
2014-09-06,Worth County,2,Albany,9
2014-09-06,Bevier,1,Atlanta,13
2014-09-06,La Plata,19,Atlanta,0
2014-09-06,Linn County,3,Atlanta,1
2014-09-06,Herculaneum,11,Bayless,1
2014-09-06,Cameron,2,Benton,4
2014-09-06,Richmond,1,Benton,5
2014-09-06,Polo,1,Benton,3
2014-09-06,Linn County,18,Bevier,7
2014-09-06,Novinger,10,Bevier,13
2014-09-06,Ft. Zumwalt North,4,Bowling Green,3
2014-09-06,Francis Howell Central,8,Bowling Green,2
2014-09-06,Canton,11,Brashear,1
2014-09-06,Marion County,10,Brashear,4
2014-09-06,Milan,2,Brookfield,8
2014-09-06,Clark County,2,Brookfield,3
2014-09-06,DeKalb,0,Cameron,13
2014-09-06,South Shelby,6,Canton,5
2014-09-06,Scotland County,5,Canton,8
2014-09-06,Clark County,0,Centralia,6
2014-09-06,Brookfield,0,Centralia,11
2014-09-06,St. Elizabeth,0,Centralia,21
2014-09-06,Trenton,0,Centralia,10
2014-09-06,Putnam County,6,Chillicothe,5
2014-09-06,Milan,0,Chillicothe,16
2014-09-06,Clark County,10,Chillicothe,6
2014-09-06,St. Elizabeth,0,Chillicothe,17
2014-09-06,Maysville,3,DeKalb,9
2014-09-06,Bishop LeBlond,4,DeKalb,0
2014-09-06,Notre Dame (Cape Girardeau),7,DeSoto,6
2014-09-06,Kelly,2,DeSoto,1
2014-09-06,Polo,7,Excelsior Springs,6
2014-09-06,Bishop LeBlond,1,Excelsior Springs,7
2014-09-06,Warrenton,9,Francis Howell Central,2
2014-09-06,Lafayette (Wildwood),7,Francis Howell Central,1
2014-09-06,Lafayette (Wildwood),2,Ft. Zumwalt North,4
2014-09-06,Troy Buchanan,11,Ft. Zumwalt North,7
2014-09-06,North Harrison,4,Gallatin,5
2014-09-06,Vienna,3,Gallatin,6
2014-09-06,Marshall,2,Hannibal,8
2014-09-06,Webb City,5,Helias Catholic,11
2014-09-06,Valley Park,20,Herculaneum,10
2014-09-06,Blue Springs,4,Hickman,1
2014-09-06,Troy Buchanan,8,Highland,3
2014-09-06,Webb City,5,Jefferson City,11
2014-09-06,Savannah,2,Jefferson City,9
2014-09-06,Portageville,0,Kelly,1
2014-09-06,Milan,0,Kirksville,7
2014-09-06,Putnam County,6,Kirksville,5
2014-09-06,Brookfield,4,Kirksville,1
2014-09-06,Trenton,9,Kirksville,4
2014-09-06,South Shelby,7,Knox County,3
2014-09-06,Scotland County,0,Knox County,8
2014-09-06,Novinger,0,La Plata,6
2014-09-06,Cameron,9,Lafayette (St. Joseph),0
2014-09-06,Maysville,4,Lafayette (St. Joseph),5
2014-09-06,Polo,3,Lafayette (St. Joseph),6
2014-09-06,Savannah,0,Lafayette (St. Joseph),12
2014-09-06,Highland,5,Lafayette (Wildwood),8
2014-09-06,Rosati-Kain,0,Lafayette (Wildwood),0
2014-09-06,Cameron,6,Lawson,5
2014-09-06,DeKalb,1,Lawson,4
2014-09-06,Savannah,3,Lawson,5
2014-09-06,Excelsior Springs,8,Lawson,4
2014-09-06,Scotland County,9,Marion County,3
2014-09-06,Richmond,10,Maysville,4
2014-09-06,St. Elizabeth,0,Milan,15
2014-09-06,South Shelby,5,Monroe City,4
2014-09-06,Paris,1,Monroe City,12
2014-09-06,Marion County,1,Monroe City,11
2014-09-06,Ste. Genevieve,8,Naylor,10
2014-09-06,Aurora,1,Nevada,11
2014-09-06,North Harrison,10,North Andrew,3
2014-09-06,Princeton,8,North Andrew,5
2014-09-06,Knox County,12,Paris,1
2014-09-06,Brashear,6,Paris,8
2014-09-06,Ste. Genevieve,10,Perryville,6
2014-09-06,Bishop LeBlond,2,Polo,3
2014-09-06,Chaffee,5,Poplar Bluff,1
2014-09-06,St. Pius X (Festus),3,Poplar Bluff,14
2014-09-06,Notre Dame (Cape Girardeau),2,Portageville,8
2014-09-06,Vienna,11,Princeton,1
2014-09-06,Worth County,1,Princeton,11
2014-09-06,Clark County,13,Putnam County,6
2014-09-06,Trenton,7,Putnam County,4
2014-09-06,Bishop LeBlond,7,Richmond,0
2014-09-06,Maysville,4,Savannah,7
2014-09-06,La Plata,1,Schuyler County,11
2014-09-06,Novinger,1,Schuyler County,16
2014-09-06,Linn County,4,Schuyler County,14
2014-09-06,Warrenton,4,Seckman,1
2014-09-06,Highland,4,Seckman,1
2014-09-06,Perryville,3,Sikeston,15
2014-09-06,Naylor,7,Sikeston,3
2014-09-06,St. Elizabeth,0,Trenton,15
2014-09-06,Warrenton,5,Troy Buchanan,14
2014-09-06,Central (Cape Girardeau),5,Windsor (Imperial),8
2014-09-08,Higbee,4,Atlanta,11
2014-09-08,McDonald County,5,Aurora,3
2014-09-08,Norwood,14,Ava,4
2014-09-08,Liberty (Mountain View),13,Bakersfield,8
2014-09-08,Hickman,8,Battle,0
2014-09-08,Fatima,18,Belle,0
2014-09-08,Blue Springs,3,Blue Springs South,0
2014-09-08,Cuba,24,Bourbon,0
2014-09-08,Lutheran North,20,Brentwood,5
2014-09-08,Eugene,13,California,1
2014-09-08,Lathrop,0,Cameron,7
2014-09-08,Paris,9,Canton,15
2014-09-08,Roosevelt,17,Carnahan,11
2014-09-08,Oran,1,Chaffee,2
2014-09-08,Princeton,2,Chillicothe,23
2014-09-08,Orchard Farm,17,Clayton,0
2014-09-08,Miller Career Academy,19,Cleveland NJROTC,20
2014-09-08,West Platte,5,DeKalb,1
2014-09-08,Notre Dame (Cape Girardeau),3,DeSoto,16
2014-09-08,Koshkonong,1,Doniphan,12
2014-09-08,Smithville,1,Dora,16
2014-09-08,Trinity Catholic,4,Duchesne,8
2014-09-08,Vienna,5,East Buchanan,0
2014-09-08,Puxico,5,East Prairie,6
2014-09-08,Savannah,4,Eldon,10
2014-09-08,Mehlville,0,Eureka,10
2014-09-08,Oak Park,2,Fort Osage,0
2014-09-08,Winfield,10,Francis Howell Central,14
2014-09-08,Herculaneum,4,Fredericktown,16
2014-09-08,Holt,3,Ft. Zumwalt West,5
2014-09-08,Father Tolton,17,Glasgow,4
2014-09-08,Clinton,8,Grain Valley,12
2014-09-08,North Callaway,1,Hallsville,3
2014-09-08,Fulton,1,Hannibal,2
2014-09-08,St. Pius X (Kansas City),9,Hardin-Central,4
2014-09-08,Hazelwood East,1,Hazelwood West,16
2014-09-08,Humansville,4,Hermitage,22
2014-09-08,Schuyler County,0,Highland,9
2014-09-08,Central (Springfield),6,Hollister,1
2014-09-08,Mansfield,15,Houston,14
2014-09-08,Farmington,12,Jackson,2
2014-09-08,Belton,4,Kearney,3
2014-09-08,Central (Cape Girardeau),1,Kelly,10
2014-09-08,Ritenour,1,Kirkwood,3
2014-09-08,Westminster Christian Academy,8,Ladue Horton Watkins,1
2014-09-08,Seckman,1,Lafayette (Wildwood),9
2014-09-08,Lafayette County,4,Lawson,11
2014-09-08,Marshfield,15,Lebanon,7
2014-09-08,Raymore-Peculiar,3,Lee's Summit,4
2014-09-08,Lee's Summit North,2,Lee's Summit West,1
2014-09-08,Wheatland,0,Leeton,15
2014-09-08,Central (St. Joseph),0,Liberty,3
2014-09-08,Fox,10,Lindbergh,2
2014-09-08,Silex,4,Louisiana,3
2014-09-08,St. Pius X (Festus),3,Lutheran South,13
2014-09-08,Richland,6,Macks Creek,11
2014-09-08,Moberly,1,Macon,3
2014-09-08,Lamar,0,Marion C. Early,15
2014-09-08,Mid-Buchanan,4,Maysville,9
2014-09-08,Hazelwood Central,22,McCluer,0
2014-09-08,Riverview Gardens,3,McCluer North,13
2014-09-08,Brookfield,11,Meadville,16
2014-09-08,Boonville,8,Mexico,3
2014-09-08,El Dorado Springs,3,Nevada,4
2014-09-08,Wellsville-Middletown,1,New Bloomfield,11
2014-09-08,Schuyler County,5,New Franklin,6
2014-09-08,Union,9,New Haven,1
2014-09-08,Salem,0,Norborne,14
2014-09-08,William Chrisman,4,North Kansas City,6
2014-09-08,Bishop LeBlond,2,North Platte,7
2014-09-08,Pilot Grove,4,Northeast (Cairo),13
2014-09-08,Marquette,8,Northwest (Cedar Hill),1
2014-09-08,Lutheran St. Charles,2,Notre Dame (St. Louis),7
2014-09-08,North Shelby,8,Novinger,6
2014-09-08,Warrensburg,5,Oak Grove,6
2014-09-08,Parkway South,0,Oakville,1
2014-09-08,Iberia,9,Osage,2
2014-09-08,Bowling Green,1,Palmyra,0
2014-09-08,Park Hill,3,Park Hill South,4
2014-09-08,Rockwood Summit,11,Parkway North,0
2014-09-08,Buffalo,2,Pleasant Hope,12
2014-09-08,Neelyville,0,Poplar Bluff,4
2014-09-08,St. Clair,0,Portageville,4
2014-09-08,Valley Park,13,Principia,2
2014-09-08,Grandview,6,Raytown South,2
2014-09-08,Hillcrest,5,Reeds Spring,10
2014-09-08,Cassville,0,Republic,16
2014-09-08,St. Charles,15,Ruskin,0
2014-09-08,St. James,0,Salem,6
2014-09-08,Plattsburg,0,Savannah,10
2014-09-08,Gateway,6,Soldan International Studies,32
2014-09-08,Linn,2,Slater,1
2014-09-08,John F. Kennedy,0,St. Dominic,10
2014-09-08,Veritas Christian Academy,1,St. Joseph's Academy,12
2014-09-08,Smithville,1,St. Teresa's Academy,6
2014-09-08,Liberty North,1,Staley,2
2014-09-08,Festus,0,Ste. Genevieve,7
2014-09-08,Climax Springs,2,Westran,16
2014-09-08,Richmond,15,Summit Christian Academy,0
2014-09-08,Ft. Zumwalt South,5,Timberland,6
2014-09-08,Penney,2,Trenton,3
2014-09-08,Van-Far,16,Tuscumbia,0
2014-09-08,Francis Howell North,7,Ursuline Academy,1
2014-09-08,Hermann,3,Van-Far,8
2014-09-08,Metro,25,Waynesville,6
2014-09-08,Jamestown,0,Versailles,5
2014-09-08,Pattonville,0,Webster Groves,3
2014-09-08,Logan-Rogersville,2,West Plains,3
2014-09-08,Worth County,4,Westran,5
2014-09-08,Hartville,11,Willow Springs,0
2014-09-08,St. Clair,3,Windsor (Imperial),13
2014-09-09,Mehlville,5,Affton,9
2014-09-09,Glendale,3,Ava,8
2014-09-09,Lutheran St. Charles,4,Bishop DuBourg,6
2014-09-09,Benton,9,Bishop LeBlond,4
2014-09-09,Buffalo,2,Bolivar,12
2014-09-09,Republic,13,Branson,0
2014-09-09,Trenton,4,Brookfield,2
2014-09-09,Kickapoo,15,Camdenton,12
2014-09-09,Nevada,4,Carl Junction,5
2014-09-09,Richmond,7,Carrollton,1
2014-09-09,Potosi,0,Central (Park Hills),15
2014-09-09,Laquey,9,Central (Springfield),11
2014-09-09,Mexico,0,Centralia,15
2014-09-09,Cameron,5,Chillicothe,2
2014-09-09,Wright City,13,Community,1
2014-09-09,Waynesville,14,Crocker,0
2014-09-09,Van Buren,4,East Carter,0
2014-09-09,Grain Valley,10,Excelsior Springs,1
2014-09-09,Hermitage,1,Fair Play,9
2014-09-09,Versailles,1,Father Tolton,11
2014-09-09,Schuyler County,14,Fayette,3
2014-09-09,DeSoto,16,Festus,1
2014-09-09,Francis Howell,4,Francis Howell North,1
2014-09-09,Ft. Zumwalt South,8,Ft. Zumwalt North,7
2014-09-09,Madison,7,Glasgow,10
2014-09-09,Pleasant Hill,16,Harrisonville,6
2014-09-09,Dixon,9,Hartville,10
2014-09-09,McCluer,0,Hazelwood Central,22
2014-09-09,Blair Oaks,9,Helias Catholic,1
2014-09-09,Perryville,11,Herculaneum,0
2014-09-09,St. Clair,12,Hermann,8
2014-09-09,Kirksville,0,Hickman,5
2014-09-09,Prairie Home,6,Higbee,7
2014-09-09,Parkview,6,Hillcrest,17
2014-09-09,Windsor (Imperial),13,Hillsboro,4
2014-09-09,Logan-Rogersville,19,Hollister,0
2014-09-09,St. Dominic,8,Holt,5
2014-09-09,Weaubleau,11,Humansville,0
2014-09-09,Newburg,0,Iberia,10
2014-09-09,Pilot Grove,10,Jamestown,0
2014-09-09,Rolla,1,Joplin,13
2014-09-09,Norborne,12,Keytesville,0
2014-09-09,Fox,2,Kirkwood,1
2014-09-09,Lexington,5,Knob Noster,1
2014-09-09,Smithville,2,Lafayette (St. Joseph),8
2014-09-09,Holden,10,Lafayette County,5
2014-09-09,Monett,16,Lamar,0
2014-09-09,Blue Springs South,17,Lee's Summit North,7
2014-09-09,Lee's Summit,6,Lee's Summit West,3
2014-09-09,Park Hill South,2,Liberty,3
2014-09-09,Willow Springs,15,Liberty (Mountain View),4
2014-09-09,Raytown,0,Liberty North,10
2014-09-09,Green City,9,Linn County,5
2014-09-09,Westran,13,Marceline,5
2014-09-09,El Dorado Springs,8,Marion C. Early,0
2014-09-09,Warsaw,3,Marshall,4
2014-09-09,Reeds Spring,2,Marshfield,12
2014-09-09,Fulton,5,Moberly,6
2014-09-09,Bowling Green,3,Montgomery County,1
2014-09-09,St. Clair,0,Naylor,7
2014-09-09,DeKalb,2,North Andrew,3
2014-09-09,Farmington,0,North County,2
2014-09-09,Milan,1,North Harrison,3
2014-09-09,Ruskin,0,North Kansas City,15
2014-09-09,Pleasant Hope,10,Norwood,2
2014-09-09,Poplar Bluff,2,Notre Dame (Cape Girardeau),8
2014-09-09,Odessa,7,Oak Grove,4
2014-09-09,Seckman,1,Oakville,10
2014-09-09,Notre Dame de Sion,21,O'Hara,0
2014-09-09,Jackson,14,Oran,4
2014-09-09,St. Charles,3,Orchard Farm,13
2014-09-09,Hallsville,0,Osage,1
2014-09-09,Pacific,4,Owensville,3
2014-09-09,Webb City,0,Ozark,8
2014-09-09,Clark County,0,Palmyra,6
2014-09-09,Putnam County,4,Penney,5
2014-09-09,East Prairie,0,Portageville,13
2014-09-09,Braymer,5,Princeton,10
2014-09-09,Winona,0,Puxico,3
2014-09-09,Belton,15,Raytown South,0
2014-09-09,Houston,1,Salem,16
2014-09-09,Central (Cape Girardeau),12,Sikeston,1
2014-09-09,Jefferson (Festus),10,Sikeston,7
2014-09-09,Southern Boone,8,Slater,5
2014-09-09,Gallatin,17,St. Elizabeth,0
2014-09-09,Summit Christian Academy,15,St. Pius X (Kansas City),3
2014-09-09,Oak Park,0,Staley,15
2014-09-09,Albany,4,Vienna,9
2014-09-09,Fredericktown,3,Ste. Genevieve,4
2014-09-09,New Haven,3,Webb City,13
2014-09-09,Gainesville,0,Thayer,8
2014-09-09,Francis Howell Central,1,Timberland,16
2014-09-09,Ft. Zumwalt West,3,Troy Buchanan,13
2014-09-09,Park Hill,6,St. Charles,2
2014-09-09,St. James,3,Union,5
2014-09-09,Trinity Catholic,14,Veritas Christian Academy,10
2014-09-09,Halfway,13,Walnut Grove,8
2014-09-09,Westran,15,Wheatland,3
2014-09-09,Nixa,3,Willard,4
2014-09-09,Fort Osage,9,William Chrisman,4
2014-09-09,Warrenton,15,Winfield,2
2014-09-09,Kearney,11,Winnetonka,1
2014-09-09,Polo,13,Worth County,0
2014-09-10,Raymore-Peculiar,5,Belton,7
2014-09-10,Lee's Summit West,2,Blue Springs South,1
2014-09-10,Parkview,3,Buffalo,6
2014-09-10,Iberia,7,Crocker,3
2014-09-10,Newburg,9,Dixon,2
2014-09-10,Cleveland NJROTC,18,Gateway,12
2014-09-10,Winston,4,Grundy County,0
2014-09-10,New Bloomfield,12,Harrisburg,0
2014-09-10,Festus,12,Hillsboro,1
2014-09-10,Newburg,1,Iberia,5
2014-09-10,Northwest (Cedar Hill),11,Kirkwood,4
2014-09-10,Mid-Buchanan,0,Lafayette (St. Joseph),10
2014-09-10,Warsaw,21,Laquey,0
2014-09-10,Lee's Summit North,0,Lee's Summit,10
2014-09-10,Incarnate Word Academy,0,Lutheran South,15
2014-09-10,Webb City,2,Monett,11
2014-09-10,Tri-County,0,North Harrison,11
2014-09-10,North County,1,Notre Dame (Cape Girardeau),3
2014-09-10,Sikeston,13,Oran,0
2014-09-10,Miller Career Academy,6,Roosevelt,16
2014-09-10,Lebanon,5,Waynesville,12
2014-09-11,Worth County,7,Albany,13
2014-09-11,Trinity Catholic,17,Bayless,4
2014-09-11,Maryville,2,Benton,8
2014-09-11,St. Dominic,16,Bishop DuBourg,0
2014-09-11,Lafayette (St. Joseph),0,Bishop LeBlond,1
2014-09-11,Raymore-Peculiar,1,Blue Springs,12
2014-09-11,Kirksville,2,Boonville,5
2014-09-11,Centralia,8,Brookfield,4
2014-09-11,Aurora,0,Carl Junction,2
2014-09-11,Highland,12,Clark County,0
2014-09-11,Warrensburg,6,Clinton,7
2014-09-11,Nerinx Hall,10,Cor Jesu Academy,6
2014-09-11,Salem,10,Cuba,5
2014-09-11,South Nodaway,3,DeKalb,10
2014-09-11,Lutheran St. Charles,10,Duchesne,12
2014-09-11,Van Buren,11,East Prairie,1
2014-09-11,Warsaw,0,Eldon,10
2014-09-11,Osage,4,Eugene,9
2014-09-11,Parkway South,5,Eureka,3
2014-09-11,Fredericktown,3,Farmington,9
2014-09-11,Liberty North,11,Fort Osage,4
2014-09-11,Troy Buchanan,14,Francis Howell Central,3
2014-09-11,Washington,7,Ft. Zumwalt South,2
2014-09-11,Mexico,1,Fulton,0
2014-09-11,Vienna,3,Gallatin,9
2014-09-11,Parkview,10,Glendale,4
2014-09-11,Harrisonville,0,Grain Valley,2
2014-09-11,Fair Play,4,Halfway,3
2014-09-11,Slater,3,Hallsville,1
2014-09-11,Norwood,7,Hartville,9
2014-09-11,Hazelwood East,0,Hazelwood Central,0
2014-09-11,Owensville,8,Hermann,5
2014-09-11,Richmond,10,Holden,8
2014-09-11,Leeton,17,Humansville,0
2014-09-11,Grandview,0,Kearney,15
2014-09-11,Hillcrest,8,Kickapoo,9
2014-09-11,Knob Noster,4,Lafayette County,6
2014-09-11,Houston,17,Laquey,6
2014-09-11,Park Hill,2,Lee's Summit West,8
2014-09-11,Carrollton,3,Lexington,2
2014-09-11,Ruskin,0,Liberty,24
2014-09-11,Lafayette (Wildwood),4,Lindbergh,0
2014-09-11,Ava,3,Logan-Rogersville,18
2014-09-11,Willow Springs,1,Mansfield,11
2014-09-11,Moberly,11,Marshall,1
2014-09-11,Seneca,4,McDonald County,5
2014-09-11,Lathrop,2,Mid-Buchanan,1
2014-09-11,Knox County,9,Milan,0
2014-09-11,Dixon,4,Newburg,2
2014-09-11,Carthage,1,Nixa,12
2014-09-11,Elsberry,0,North Callaway,10
2014-09-11,Potosi,0,North County,9
2014-09-11,Glasgow,1,Northeast (Cairo),16
2014-09-11,Fox,14,Northwest (Cedar Hill),4
2014-09-11,John F. Kennedy,0,Notre Dame (St. Louis),3
2014-09-11,Excelsior Springs,9,Oak Grove,8
2014-09-11,Raytown,3,Oak Park,4
2014-09-11,Marquette,6,Oakville,5
2014-09-11,Pleasant Hill,18,Odessa,1
2014-09-11,Liberty (Wentzville),3,Orchard Farm,15
2014-09-11,Webb City,0,Pacific,10
2014-09-11,Central (St. Joseph),6,Park Hill South,7
2014-09-11,Webster Groves,20,Parkway Central,3
2014-09-11,Clayton,1,Parkway West,16
2014-09-11,Winnetonka,1,Platte County,11
2014-09-11,Penney,15,Plattsburg,0
2014-09-11,Hollister,1,Pleasant Hope,19
2014-09-11,Westminster Christian Academy,16,Principia,0
2014-09-11,Ozark,1,Republic,0
2014-09-11,West Plains,2,Rolla,1
2014-09-11,Paris,0,Schuyler County,11
2014-09-11,Chillicothe,4,Savannah,1
2014-09-11,Atlanta,2,Schuyler County,17
2014-09-11,Mehlville,0,Seckman,6
2014-09-11,Marceline,18,Salem,0
2014-09-11,Nevada,16,Savannah,9
2014-09-11,Monroe City,6,South Shelby,5
2014-09-11,Winfield,11,St. Charles,1
2014-09-11,Union,9,St. Clair,6
2014-09-11,New Haven,2,St. James,17
2014-09-11,Windsor (Imperial),11,St. Pius X (Festus),0
2014-09-11,O'Hara,6,St. Pius X (Kansas City),16
2014-09-11,North Kansas City,0,Staley,15
2014-09-11,Central (Park Hills),9,Ste. Genevieve,2
2014-09-11,Vienna,20,Warsaw,1
2014-09-11,Crocker,11,Westran,0
2014-09-11,Raytown South,3,St. Charles,13
2014-09-11,Linn,16,Tuscumbia,8
2014-09-11,California,1,Versailles,12
2014-09-11,Ritenour,16,Visitation Academy,1
2014-09-11,Iberia,5,Waynesville,1
2014-09-11,Willard,0,Webb City,5
2014-09-11,Community,5,Wellsville-Middletown,6
2014-09-11,Macks Creek,15,Wheatland,0
2014-09-11,Silex,11,Wright City,1
2014-09-12,Hancock,6,Affton,7
2014-09-12,Republic,8,Bolivar,10
2014-09-12,Reeds Spring,4,Branson,14
2014-09-12,University City,16,Brentwood,5
2014-09-12,Southern Boone,15,California,0
2014-09-12,Hickman,10,Camdenton,0
2014-09-12,Kirksville,11,Camdenton,10
2014-09-12,Nixa,12,Carthage,1
2014-09-12,Lebanon,5,Carthage,4
2014-09-12,Benton,10,Central (St. Joseph),20
2014-09-12,Van-Far,0,Centralia,6
2014-09-12,Fatima,3,Centralia,6
2014-09-12,Westran,16,Climax Springs,0
2014-09-12,Belle,2,Crocker,4
2014-09-12,El Dorado Springs,8,Dadeville,1
2014-09-12,Puxico,2,Doniphan,12
2014-09-12,Rockwood Summit,3,Eureka,2
2014-09-12,Marion C. Early,2,Fair Play,5
2014-09-12,Battle,0,Fatima,5
2014-09-12,Marquette,1,Francis Howell,11
2014-09-12,Trinity Catholic,0,Francis Howell Central,15
2014-09-12,Trinity Catholic,0,Francis Howell North,15
2014-09-12,Ft. Zumwalt West,1,Ft. Zumwalt North,8
2014-09-12,Holt,11,Ft. Zumwalt South,1
2014-09-12,Roosevelt,12,Gateway,17
2014-09-12,Humansville,1,Halfway,13
2014-09-12,Winfield,12,Hazelwood Central,2
2014-09-12,Pattonville,3,Hazelwood West,4
2014-09-12,Bayless,0,Herculaneum,15
2014-09-12,Weaubleau,7,Hermitage,5
2014-09-12,Oakville,11,Hickman,0
2014-09-12,Windsor (Imperial),13,Hillsboro,4
2014-09-12,Lee's Summit North,4,Jefferson City,2
2014-09-12,Nerinx Hall,8,John F. Kennedy,4
2014-09-12,Monett,9,Kickapoo,2
2014-09-12,Willard,3,Kickapoo,4
2014-09-12,Oakville,6,Kirksville,0
2014-09-12,Parkway Central,12,Ladue Horton Watkins,1
2014-09-12,Nixa,11,Lebanon,3
2014-09-12,Lutheran South,3,Lee's Summit,11
2014-09-12,Blair Oaks,0,Lee's Summit,4
2014-09-12,Wheatland,2,Leeton,13
2014-09-12,Webster Groves,3,Lindbergh,0
2014-09-12,Ozark,11,Logan-Rogersville,0
2014-09-12,St. Charles,2,Logan-Rogersville,6
2014-09-12,Marion County,14,Madison,3
2014-09-12,Green City,9,Meadville,3
2014-09-12,Miller Career Academy,0,Metro,0
2014-09-12,Blair Oaks,9,Mexico,3
2014-09-12,Lutheran South,4,Mexico,3
2014-09-12,Willard,0,Monett,3
2014-09-12,Van Buren,8,Neelyville,9
2014-09-12,Pleasant Hill,15,Nevada,5
2014-09-12,Vienna,6,Newburg,2
2014-09-12,Wright City,4,North Callaway,9
2014-09-12,St. Charles,2,Ozark,18
2014-09-12,Liberty,4,Park Hill,9
2014-09-12,Dadeville,6,Parkview,2
2014-09-12,Houston,7,Parkview,1
2014-09-12,Troy Buchanan,18,Parkway South,10
2014-09-12,Clayton,1,Parkway West,16
2014-09-12,Walnut Grove,0,Pilot Grove,11
2014-09-12,Raytown South,0,Raytown,15
2014-09-12,Bolivar,12,Rolla,1
2014-09-12,Republic,14,Rolla,2
2014-09-12,Washington,11,St. Charles,1
2014-09-12,Rosati-Kain,0,St. Dominic,8
2014-09-12,Battle,2,Van-Far,7
2014-09-12,DeSoto,12,St. Pius X (Festus),2
2014-09-12,Farmington,12,Ste. Genevieve,0
2014-09-12,Community,0,Worth County,6
2014-09-12,St. Joseph's Academy,4,Ursuline Academy,2
2014-09-12,California,1,Versailles,12
2014-09-12,Notre Dame (St. Louis),2,Westminster Christian Academy,10
2014-09-13,Central (Park Hills),9,Affton,6
2014-09-13,Seckman,15,Affton,0
2014-09-13,Festus,9,Affton,2
2014-09-13,Webb City,11,Affton,5
2014-09-13,Liberty (Mountain View),16,Alton,5
2014-09-13,Koshkonong,15,Alton,1
2014-09-13,Novinger,8,Atlanta,23
2014-09-13,East Newton,7,Aurora,1
2014-09-13,Lamar,0,Aurora,8
2014-09-13,Seneca,1,Aurora,0
2014-09-13,Mansfield,7,Bakersfield,3
2014-09-13,Laquey,3,Bakersfield,8
2014-09-13,Koshkonong,6,Bakersfield,3
2014-09-13,Bishop LeBlond,6,Benton,5
2014-09-13,Central (St. Joseph),6,Bishop LeBlond,2
2014-09-13,Lafayette (St. Joseph),12,Bishop LeBlond,7
2014-09-13,Nixa,1,Bolivar,11
2014-09-13,Mexico,6,Camdenton,9
2014-09-13,Battle,10,Camdenton,0
2014-09-13,St. Charles,9,Carthage,8
2014-09-13,Rolla,9,Carthage,7
2014-09-13,Pacific,1,Central (Park Hills),13
2014-09-13,Lafayette (St. Joseph),1,Central (St. Joseph),4
2014-09-13,Benton,10,Central (St. Joseph),20
2014-09-13,Lee's Summit North,3,Centralia,2
2014-09-13,Lee's Summit,2,Centralia,8
2014-09-13,Lawson,11,Chillicothe,5
2014-09-13,Notre Dame de Sion,0,Chillicothe,2
2014-09-13,Grandview,4,Chillicothe,9
2014-09-13,Lexington,3,Clinton,4
2014-09-13,Lawson,10,Clinton,1
2014-09-13,Notre Dame de Sion,8,Clinton,3
2014-09-13,St. Joseph's Academy,10,Cuba,0
2014-09-13,Walnut Grove,11,Dadeville,4
2014-09-13,St. Joseph's Academy,6,Dixon,7
2014-09-13,Cuba,5,Dixon,14
2014-09-13,Maysville,18,East Buchanan,3
2014-09-13,DeKalb,15,East Buchanan,0
2014-09-13,Winona,1,East Carter,5
2014-09-13,Willow Springs,2,East Carter,7
2014-09-13,Lamar,2,East Newton,18
2014-09-13,Seneca,10,East Newton,1
2014-09-13,Sikeston,14,East Prairie,2
2014-09-13,Neelyville,13,East Prairie,0
2014-09-13,Chaffee,2,East Prairie,3
2014-09-13,Houston,9,El Dorado Springs,8
2014-09-13,Fair Play,3,El Dorado Springs,4
2014-09-13,Ft. Zumwalt East,7,Elsberry,0
2014-09-13,Bishop DuBourg,2,Elsberry,3
2014-09-13,Silex,4,Elsberry,1
2014-09-13,Notre Dame (Cape Girardeau),3,Eureka,0
2014-09-13,Fox,10,Eureka,0
2014-09-13,Webb City,2,Eureka,15
2014-09-13,Pacific,1,Eureka,13
2014-09-13,Pilot Grove,11,Fair Play,0
2014-09-13,Pacific,3,Festus,5
2014-09-13,Kelly,9,Festus,2
2014-09-13,Hillsboro,0,Festus,5
2014-09-13,Liberty North,11,Fort Osage,2
2014-09-13,Hillsboro,1,Fox,4
2014-09-13,Central (Park Hills),9,Fox,10
2014-09-13,Jackson,8,Fox,1
2014-09-13,Washington,3,Francis Howell Central,4
2014-09-13,Francis Howell North,1,Francis Howell Central,6
2014-09-13,Winfield,2,Francis Howell North,14
2014-09-13,Winona,8,Gainesville,0
2014-09-13,Worth County,1,Gallatin,16
2014-09-13,Notre Dame de Sion,11,Grain Valley,1
2014-09-13,South Nodaway,8,Grandview,0
2014-09-13,Novinger,1,Green City,11
2014-09-13,Atlanta,7,Green City,9
2014-09-13,Tri-County,0,Grundy County,17
2014-09-13,Leeton,5,Halfway,1
2014-09-13,Clopton,4,Hannibal,5
2014-09-13,Marceline,10,Harrisburg,4
2014-09-13,Trinity Catholic,10,Hazelwood Central,8
2014-09-13,Wheatland,0,Hermitage,11
2014-09-13,Macks Creek,5,Hermitage,4
2014-09-13,Fatima,2,Hickman,4
2014-09-13,Blair Oaks,3,Hickman,1
2014-09-13,Veritas Christian Academy,0,Highland,13
2014-09-13,Silex,5,Highland,10
2014-09-13,Ft. Zumwalt East,5,Highland,6
2014-09-13,Webb City,1,Hillsboro,13
2014-09-13,Grandview,0,Holden,6
2014-09-13,Odessa,8,Holden,5
2014-09-13,Hannibal,8,Holt,12
2014-09-13,Pilot Grove,12,Houston,5
2014-09-13,Macks Creek,8,Humansville,1
2014-09-13,Wheatland,3,Humansville,10
2014-09-13,Hillsboro,2,Jackson,3
2014-09-13,Notre Dame (Cape Girardeau),5,Jackson,2
2014-09-13,Kelly,6,Jackson,14
2014-09-13,Fatima,3,Jefferson City,7
2014-09-13,Blair Oaks,1,Jefferson City,4
2014-09-13,Pacific,3,Kelly,2
2014-09-13,Seckman,13,Kelly,1
2014-09-13,Republic,11,Kickapoo,0
2014-09-13,Lebanon,2,Kickapoo,6
2014-09-13,Lutheran South,11,Kirksville,4
2014-09-13,Van-Far,17,Kirksville,10
2014-09-13,Oakville,6,Kirksville,0
2014-09-13,Holden,7,Knob Noster,8
2014-09-13,Grandview,11,Knob Noster,8
2014-09-13,Thayer,12,Koshkonong,0
2014-09-13,Benton,6,Lafayette (St. Joseph),3
2014-09-13,DeKalb,6,Lafayette County,4
2014-09-13,Maysville,6,Lafayette County,12
2014-09-13,Seneca,15,Lamar,0
2014-09-13,Lexington,2,Lawson,3
2014-09-13,Oakville,4,Lee's Summit,3
2014-09-13,Oakville,9,Lee's Summit North,5
2014-09-13,Weaubleau,8,Leeton,9
2014-09-13,Grain Valley,0,Lexington,8
2014-09-13,Thayer,16,Liberty (Mountain View),6
2014-09-13,Laquey,10,Liberty (Mountain View),9
2014-09-13,Lebanon,5,Logan-Rogersville,8
2014-09-13,Republic,8,Logan-Rogersville,0
2014-09-13,Ft. Zumwalt East,5,Louisiana,3
2014-09-13,Ursuline Academy,3,Louisiana,9
2014-09-13,Bishop DuBourg,0,Louisiana,7
2014-09-13,Marceline,0,Macon,11
2014-09-13,Northeast (Cairo),8,Macon,5
2014-09-13,Palmyra,7,Macon,5
2014-09-13,Laquey,1,Mansfield,17
2014-09-13,Thayer,6,Mansfield,7
2014-09-13,Northeast (Cairo),10,Marceline,0
2014-09-13,Walnut Grove,3,Marion C. Early,2
2014-09-13,Northeast Nodaway,1,Maryville,4
2014-09-13,North Andrew,16,Maryville,0
2014-09-13,Vienna,8,Maryville,1
2014-09-13,Harrisburg,1,Moberly,6
2014-09-13,Northeast (Cairo),2,Moberly,4
2014-09-13,Palmyra,4,Moberly,6
2014-09-13,Bolivar,0,Monett,8
2014-09-13,Ozark,1,Monett,5
2014-09-13,Portageville,5,Neelyville,0
2014-09-13,Carrollton,2,Norborne,3
2014-09-13,Vienna,5,North Andrew,0
2014-09-13,Northeast Nodaway,5,North Andrew,7
2014-09-13,Winston,0,North Harrison,7
2014-09-13,William Chrisman,15,North Kansas City,0
2014-09-13,St. Pius X (Kansas City),14,North Kansas City,9
2014-09-13,West Platte,13,North Kansas City,2
2014-09-13,Vienna,6,Northeast Nodaway,0
2014-09-13,Fort Osage,6,Oak Grove,8
2014-09-13,St. Teresa's Academy,4,Oak Grove,7
2014-09-13,Penney,5,Oak Grove,4
2014-09-13,Pleasant Hill,14,Oak Grove,5
2014-09-13,South Nodaway,1,Odessa,4
2014-09-13,Nixa,0,Ozark,9
2014-09-13,Harrisburg,0,Palmyra,8
2014-09-13,Raytown,5,Park Hill South,4
2014-09-13,Raymore-Peculiar,4,Park Hill South,7
2014-09-13,Warrensburg,5,Park Hill South,7
2014-09-13,St. Teresa's Academy,10,Park Hill South,16
2014-09-13,Summit Christian Academy,0,Penney,7
2014-09-13,Ste. Genevieve,10,Perryville,0
2014-09-13,Windsor (Imperial),13,Perryville,2
2014-09-13,Walnut Grove,0,Pilot Grove,11
2014-09-13,Liberty North,1,Pleasant Hill,12
2014-09-13,Gainesville,2,Poplar Bluff,8
2014-09-13,West Plains,1,Poplar Bluff,10
2014-09-13,Winona,0,Poplar Bluff,10
2014-09-13,Willow Springs,8,Poplar Bluff,3
2014-09-13,East Carter,18,Poplar Bluff,0
2014-09-13,Puxico,0,Portageville,10
2014-09-13,Raytown,1,Raymore-Peculiar,4
2014-09-13,Pleasant Hill,6,Raymore-Peculiar,8
2014-09-13,Penney,0,Raymore-Peculiar,8
2014-09-13,Liberty North,10,Raytown,2
2014-09-13,Winnetonka,1,Raytown,5
2014-09-13,Willard,6,Rolla,0
2014-09-13,Central (Park Hills),0,Seckman,13
2014-09-13,Notre Dame (Cape Girardeau),2,Seckman,12
2014-09-13,Portageville,4,Sikeston,0
2014-09-13,Ursuline Academy,4,Silex,8
2014-09-13,Worth County,3,South Nodaway,8
2014-09-13,Trinity Catholic,11,St. Charles,8
2014-09-13,Cuba,7,St. James,6
2014-09-13,Dixon,3,St. James,7
2014-09-13,St. Joseph's Academy,1,St. James,8
2014-09-13,Fort Osage,15,St. Teresa's Academy,2
2014-09-13,Windsor (Imperial),7,Ste. Genevieve,9
2014-09-13,Notre Dame (Cape Girardeau),8,Webb City,1
2014-09-13,Willard,2,St. Charles,3
2014-09-13,Puxico,0,St. Clair,8
2014-09-13,Neelyville,8,St. Clair,3
2014-09-13,Chaffee,6,St. Clair,3
2014-09-13,Veritas Christian Academy,2,Ursuline Academy,13
2014-09-13,Liberty North,15,Warrensburg,0
2014-09-13,St. Teresa's Academy,8,Warrensburg,13
2014-09-13,Pleasant Hill,4,Warrensburg,1
2014-09-13,Winfield,6,Washington,5
2014-09-13,Joplin,1,Webb City,5
2014-09-13,Willow Springs,2,West Plains,9
2014-09-13,East Carter,0,West Plains,4
2014-09-13,Winona,4,West Plains,0
2014-09-13,St. Pius X (Kansas City),0,West Platte,5
2014-09-13,West Platte,2,William Chrisman,1
2014-09-13,St. Pius X (Kansas City),2,William Chrisman,9
2014-09-13,Fort Osage,8,Winnetonka,3
2014-09-13,Penney,10,Winnetonka,2
2014-09-14,Hazelwood East,3,McCluer,19
2014-09-15,Hollister,5,Ava,20
2014-09-15,Savannah,3,Battle,2
2014-09-15,Affton,15,Bishop DuBourg,6
2014-09-15,Lathrop,6,Bishop LeBlond,7
2014-09-15,Lee's Summit,8,Blue Springs South,2
2014-09-15,Clinton,6,Bolivar,9
2014-09-15,Louisiana,0,Bowling Green,2
2014-09-15,Clark County,1,Brookfield,8
2014-09-15,Lebanon,6,Camdenton,10
2014-09-15,McDonald County,2,Carl Junction,3
2014-09-15,Gateway,25,Carnahan,23
2014-09-15,DeSoto,10,Central (Cape Girardeau),3
2014-09-15,Jackson,7,Central (Park Hills),8
2014-09-15,Parkview,0,Central (Springfield),8
2014-09-15,Montgomery County,4,Clopton,0
2014-09-15,Wright City,13,Community,1
2014-09-15,East Buchanan,0,DeKalb,3
2014-09-15,Neelyville,2,East Carter,4
2014-09-15,Fox,1,Eureka,0
2014-09-15,Walnut Grove,2,Fair Play,6
2014-09-15,Poplar Bluff,0,Farmington,8
2014-09-15,Schuyler County,15,Father Tolton,8
2014-09-15,Timberland,4,Francis Howell,10
2014-09-15,Perryville,18,Fredericktown,7
2014-09-15,Holt,16,Ft. Zumwalt East,5
2014-09-15,Hillsboro,6,Ft. Zumwalt South,2
2014-09-15,Francis Howell Central,6,Ft. Zumwalt West,3
2014-09-15,Boonville,12,Fulton,0
2014-09-15,West Plains,22,Glendale,8
2014-09-15,Warrensburg,2,Grain Valley,14
2014-09-15,Central (St. Joseph),16,Grandview,1
2014-09-15,Warsaw,0,Hallsville,14
2014-09-15,Keytesville,0,Hardin-Central,3
2014-09-15,McCluer,19,Hazelwood East,3
2014-09-15,Wellsville-Middletown,8,Hermann,11
2014-09-15,Climax Springs,8,Humansville,21
2014-09-15,Hillcrest,3,Joplin,13
2014-09-15,Platte County,6,Kearney,1
2014-09-15,Hannibal,4,Kirksville,10
2014-09-15,Northeast (Cairo),10,La Plata,6
2014-09-15,Northwest (Cedar Hill),0,Lafayette (Wildwood),7
2014-09-15,El Dorado Springs,18,Lamar,2
2014-09-15,Crocker,16,Laquey,2
2014-09-15,Blue Springs,8,Lee's Summit North,0
2014-09-15,Orchard Farm,12,Liberty (Wentzville),2
2014-09-15,North Kansas City,0,Liberty North,15
2014-09-15,Oakville,16,Lindbergh,4
2014-09-15,Van-Far,5,Linn,2
2014-09-15,Westminster Christian Academy,3,Lutheran South,13
2014-09-15,Marion C. Early,3,Macks Creek,1
2014-09-15,Pleasant Hope,8,Marshfield,4
2014-09-15,Hazelwood Central,6,McCluer North,13
2014-09-15,Lutheran North,14,McCluer South-Berkeley,13
2014-09-15,Marquette,13,Mehlville,1
2014-09-15,Parkway South,18,Mehlville,2
2014-09-15,Marshall,0,Mexico,13
2014-09-15,Gallatin,11,Mid-Buchanan,0
2014-09-15,Slater,11,New Haven,1
2014-09-15,Helias Catholic,2,North Callaway,4
2014-09-15,Festus,12,North County,1
2014-09-15,Savannah,1,North Platte,8
2014-09-15,Parkway Central,5,Notre Dame (St. Louis),7
2014-09-15,Holden,5,Odessa,11
2014-09-15,Oak Grove,18,O'Hara,1
2014-09-15,Ruskin,0,Park Hill,15
2014-09-15,Lee's Summit West,7,Park Hill South,1
2014-09-15,Seckman,5,Parkway South,4
2014-09-15,Parkway North,4,Pattonville,14
2014-09-15,California,2,Pilot Grove,13
2014-09-15,Albany,2,Polo,8
2014-09-15,Russellville,6,Prairie Home,3
2014-09-15,Milan,2,Princeton,5
2014-09-15,Oran,14,Puxico,0
2014-09-15,Staley,10,Raytown,0
2014-09-15,Norwood,6,Reeds Spring,7
2014-09-15,Excelsior Springs,5,Richmond,3
2014-09-15,Webster Groves,4,Ritenour,14
2014-09-15,Hazelwood West,20,Riverview Gardens,2
2014-09-15,Kirkwood,3,Rockwood Summit,2
2014-09-15,Kickapoo,16,Rolla,4
2014-09-15,Metro,18,Roosevelt,5
2014-09-15,Incarnate Word Academy,7,Rosati-Kain,2
2014-09-15,Brashear,0,Scotland County,14
2014-09-15,Houston,14,Smithville,4
2014-09-15,Notre Dame (Cape Girardeau),13,Sikeston,6
2014-09-15,Notre Dame de Sion,0,Smithville,10
2014-09-15,Cleveland NJROTC,16,Soldan International Studies,17
2014-09-15,Van-Far,1,Southern Boone,16
2014-09-15,Potosi,6,St. Clair,19
2014-09-15,Cuba,15,Warsaw,2
2014-09-15,Dixon,12,Westran,0
2014-09-15,Plattsburg,0,Trenton,10
2014-09-15,Liberty,10,St. Charles,3
2014-09-15,Silex,7,Union,10
2014-09-15,Hancock,21,University City,4
2014-09-15,Nerinx Hall,6,Ursuline Academy,5
2014-09-15,Brentwood,0,Valley Park,15
2014-09-15,Miller Career Academy,17,Waynesville,21
2014-09-15,Blair Oaks,11,Versailles,1
2014-09-15,Trinity Catholic,14,Visitation Academy,8
2014-09-15,St. Dominic,3,Warrenton,0
2014-09-15,Fayette,2,Westran,3
2014-09-15,Hermitage,17,Wheatland,3
2014-09-15,Oak Park,2,William Chrisman,9
2014-09-15,Alton,2,Willow Springs,17
2014-09-15,Lutheran St. Charles,1,Winfield,11
2014-09-15,Belton,11,Winnetonka,0
2014-09-16,Hancock,6,Affton,7
2014-09-16,Reeds Spring,6,Aurora,1
2014-09-16,Hartville,11,Ava,8
2014-09-16,Fulton,2,Battle,14
2014-09-16,Cuba,7,Belle,8
2014-09-16,Platte County,2,Belton,3
2014-09-16,La Plata,19,Bevier,4
2014-09-16,Lee's Summit,0,Blue Springs,1
2014-09-16,Ozark,15,Branson,3
2014-09-16,Atlanta,13,Brashear,12
2014-09-16,Marshfield,6,Buffalo,7
2014-09-16,Bishop LeBlond,1,Cameron,2
2014-09-16,Holden,2,Carrollton,3
2014-09-16,North County,6,Central (Park Hills),5
2014-09-16,Halfway,4,Central (Springfield),1
2014-09-16,St. Charles,0,Central (St. Joseph),8
2014-09-16,Maryville,0,Chillicothe,15
2014-09-16,Brentwood,4,Clayton,24
2014-09-16,University City,22,Cleveland NJROTC,9
2014-09-16,North Callaway,3,Clopton,1
2014-09-16,Clopton,10,Community,0
2014-09-16,Northeast Nodaway,0,DeKalb,5
2014-09-16,Richland,1,Dixon,11
2014-09-16,Willow Springs,0,Dora,14
2014-09-16,Doniphan,3,East Carter,12
2014-09-16,Lamar,4,East Newton,19
2014-09-16,California,0,Eldon,10
2014-09-16,Wellsville-Middletown,7,Elsberry,17
2014-09-16,Ste. Genevieve,0,Farmington,15
2014-09-16,Slater,11,Fayette,0
2014-09-16,Francis Howell Central,2,Francis Howell,13
2014-09-16,Troy Buchanan,16,Francis Howell North,6
2014-09-16,Potosi,7,Fredericktown,8
2014-09-16,Washington,2,Ft. Zumwalt North,3
2014-09-16,Timberland,6,Ft. Zumwalt West,5
2014-09-16,Riverview Gardens,20,Gateway,1
2014-09-16,Hillcrest,14,Glendale,4
2014-09-16,Oak Grove,19,Grain Valley,4
2014-09-16,Tri-County,5,Grundy County,9
2014-09-16,Father Tolton,0,Hallsville,15
2014-09-16,Thayer,4,Hardin-Central,9
2014-09-16,Jamestown,15,Harrisburg,0
2014-09-16,Odessa,2,Harrisonville,9
2014-09-16,Ritenour,6,Hazelwood West,4
2014-09-16,Madison,3,Higbee,13
2014-09-16,DeSoto,12,Hillsboro,1
2014-09-16,Ft. Zumwalt South,0,Holt,10
2014-09-16,Dadeville,10,Humansville,6
2014-09-16,Crocker,0,Iberia,7
2014-09-16,Parkway North,13,Incarnate Word Academy,2
2014-09-16,Poplar Bluff,0,Jackson,10
2014-09-16,Hickman,5,Jefferson City,2
2014-09-16,Lutheran St. Charles,7,John F. Kennedy,9
2014-09-16,McDonald County,4,Joplin,3
2014-09-16,St. Clair,0,Kelly,10
2014-09-16,Parkway North,3,Kirkwood,2
2014-09-16,Vienna,19,Laquey,2
2014-09-16,St. Teresa's Academy,0,Lee's Summit North,11
2014-09-16,Raymore-Peculiar,2,Lee's Summit West,8
2014-09-16,Lafayette County,1,Lexington,11
2014-09-16,Park Hill,4,Liberty,1
2014-09-16,St. Charles,14,Liberty (Wentzville),5
2014-09-16,Bolivar,6,Logan-Rogersville,0
2014-09-16,Macon,6,Louisiana,1
2014-09-16,St. Joseph's Academy,6,Lutheran South,9
2014-09-16,Climax Springs,1,Macks Creek,16
2014-09-16,Schuyler County,9,Marceline,3
2014-09-16,Smithville,0,Marion C. Early,24
2014-09-16,Wright City,11,Mark Twain,2
2014-09-16,Lindbergh,7,Marquette,5
2014-09-16,McCluer,0,McCluer North,10
2014-09-16,Parkway South,18,Mehlville,2
2014-09-16,Bayless,10,Metro,17
2014-09-16,Moberly,0,Mexico,10
2014-09-16,Paris,0,Monroe City,11
2014-09-16,Van-Far,1,Montgomery County,11
2014-09-16,Portageville,4,Neelyville,5
2014-09-16,Fatima,6,New Bloomfield,1
2014-09-16,Glasgow,0,New Franklin,15
2014-09-16,Pacific,12,New Haven,0
2014-09-16,Republic,9,Nixa,8
2014-09-16,Houston,5,Norwood,13
2014-09-16,St. Joseph's Academy,3,Notre Dame (St. Louis),4
2014-09-16,Benton,18,Notre Dame de Sion,4
2014-09-16,Northwest (Cedar Hill),0,Oakville,9
2014-09-16,St. Pius X (Kansas City),21,O'Hara,6
2014-09-16,Blair Oaks,7,Osage,0
2014-09-16,Union,12,Owensville,2
2014-09-16,Waynesville,16,Parkview,0
2014-09-16,Westminster Christian Academy,4,Parkway Central,3
2014-09-16,Lafayette (Wildwood),1,Parkway West,0
2014-09-16,Ladue Horton Watkins,0,Pattonville,15
2014-09-16,Festus,16,Perryville,4
2014-09-16,Excelsior Springs,4,Pleasant Hill,5
2014-09-16,Maysville,8,Princeton,12
2014-09-16,Nerinx Hall,0,Principia,15
2014-09-16,Kearney,6,Raytown South,0
2014-09-16,Knob Noster,2,Richmond,3
2014-09-16,Warsaw,5,Russellville,3
2014-09-16,Smithville,9,Savannah,4
2014-09-16,Clark County,7,Schuyler County,5
2014-09-16,Knox County,4,Scotland County,3
2014-09-16,Kirkwood,3,Seckman,0
2014-09-16,Bowling Green,7,Silex,0
2014-09-16,Westran,17,Salem,1
2014-09-16,Palmyra,10,South Shelby,2
2014-09-16,St. James,12,St. Clair,1
2014-09-16,Duchesne,0,St. Dominic,12
2014-09-16,Newburg,0,Van-Far,14
2014-09-16,Jefferson (Festus),5,St. Pius X (Festus),4
2014-09-16,Fort Osage,4,Staley,14
2014-09-16,Braymer,1,Vienna,14
2014-09-16,Northeast (Cairo),9,Worth County,1
2014-09-16,Hermann,1,Webb City,6
2014-09-16,Lathrop,3,Trenton,4
2014-09-16,Eugene,10,Tuscumbia,0
2014-09-16,Bishop DuBourg,13,Veritas Christian Academy,3
2014-09-16,Rosati-Kain,6,Visitation Academy,5
2014-09-16,Orchard Farm,0,Warrenton,5
2014-09-16,Winona,1,West Plains,16
2014-09-16,Carthage,0,Willard,8
2014-09-16,Liberty North,2,William Chrisman,0
2014-09-16,Grandview,5,Winnetonka,9
2014-09-16,North Harrison,6,Winston,1
2014-09-16,Gallatin,17,Worth County,0
2014-09-17,North Andrew,8,Albany,2
2014-09-17,Visitation Academy,4,Bishop DuBourg,14
2014-09-17,New Franklin,17,Brunswick,0
2014-09-17,Joplin,5,Camdenton,2
2014-09-17,Kelly,19,Central (Cape Girardeau),2
2014-09-17,Naylor,10,Chaffee,0
2014-09-17,Affton,18,Clayton,0
2014-09-17,Roosevelt,21,Cleveland NJROTC,13
2014-09-17,Sikeston,16,East Prairie,1
2014-09-17,Notre Dame (Cape Girardeau),3,Festus,5
2014-09-17,Hickman,3,Fox,5
2014-09-17,Ft. Zumwalt West,2,Francis Howell Central,6
2014-09-17,Francis Howell North,3,Ft. Zumwalt South,9
2014-09-17,Waynesville,40,Gateway,14
2014-09-17,Valley Park,4,Hancock,9
2014-09-17,Hazelwood West,13,Hazelwood Central,1
2014-09-17,Riverview Gardens,0,Hazelwood East,0
2014-09-17,Moberly,1,Helias Catholic,6
2014-09-17,Canton,5,Highland,8
2014-09-17,Ft. Zumwalt East,3,Holt,13
2014-09-17,Ritenour,13,Incarnate Word Academy,3
2014-09-17,Parkview,0,Kickapoo,15
2014-09-17,Nerinx Hall,13,Ladue Horton Watkins,1
2014-09-17,Northeast Nodaway,1,Lathrop,11
2014-09-17,John F. Kennedy,17,Lutheran North,0
2014-09-17,South Shelby,7,Macon,11
2014-09-17,Silex,7,Mark Twain,0
2014-09-17,Parkway West,6,Marquette,8
2014-09-17,McCluer North,10,McCluer,0
2014-09-17,Carthage,0,McDonald County,3
2014-09-17,Carnahan,3,Metro,23
2014-09-17,Soldan International Studies,26,Miller Career Academy,17
2014-09-17,DeSoto,1,North County,2
2014-09-17,Webb City,2,Northwest (Cedar Hill),12
2014-09-17,St. Teresa's Academy,3,Notre Dame de Sion,2
2014-09-17,Brashear,18,Novinger,3
2014-09-17,Winnetonka,3,Oak Park,8
2014-09-17,Cor Jesu Academy,0,Oakville,4
2014-09-17,Webster Groves,0,Parkway North,3
2014-09-17,Kirkwood,12,Pattonville,1
2014-09-17,Staley,4,Platte County,10
2014-09-17,South Nodaway,4,Plattsburg,3
2014-09-17,St. Joseph's Academy,3,St. Dominic,13
2014-09-17,Central (Park Hills),9,Ste. Genevieve,2
2014-09-17,Belton,8,St. Charles,1
2014-09-17,Clopton,10,Veritas Christian Academy,2
2014-09-17,Washington,4,Warrenton,2
2014-09-17,Savannah,1,West Platte,6
2014-09-17,Fredericktown,0,Windsor (Imperial),13
2014-09-18,Richland,6,Belle,16
2014-09-18,Grandview,3,Belton,16
2014-09-18,Chillicothe,1,Benton,3
2014-09-18,Savannah,0,Bishop LeBlond,5
2014-09-18,Hannibal,1,Boonville,3
2014-09-18,Nixa,6,Branson,1
2014-09-18,Worth County,8,Braymer,21
2014-09-18,Monroe City,0,Brookfield,1
2014-09-18,Prairie Home,20,California,2
2014-09-18,Jefferson (Festus),1,Central (Cape Girardeau),8
2014-09-18,Park Hill,6,Central (St. Joseph),1
2014-09-18,Ladue Horton Watkins,7,Clayton,0
2014-09-18,Silex,3,Clopton,5
2014-09-18,Incarnate Word Academy,2,Cor Jesu Academy,17
2014-09-18,Linn,8,Cuba,5
2014-09-18,Bakersfield,0,Dora,10
2014-09-18,Rosati-Kain,0,Duchesne,3
2014-09-18,Community,1,Elsberry,12
2014-09-18,New Bloomfield,2,Eugene,5
2014-09-18,Odessa,0,Excelsior Springs,10
2014-09-18,Potosi,0,Farmington,11
2014-09-18,Oakville,7,Fox,1
2014-09-18,Timberland,5,Francis Howell North,4
2014-09-18,Central (Park Hills),16,Fredericktown,9
2014-09-18,Ft. Zumwalt South,11,Ft. Zumwalt East,6
2014-09-18,Holt,12,Ft. Zumwalt North,13
2014-09-18,Albany,0,Gallatin,15
2014-09-18,Tri-County,0,Gilman City,10
2014-09-18,Brunswick,0,Glasgow,18
2014-09-18,La Plata,6,Green City,5
2014-09-18,Buffalo,3,Halfway,1
2014-09-18,Norborne,11,Hardin-Central,0
2014-09-18,Laquey,7,Hartville,17
2014-09-18,Normandy Collaborative,0,Hazelwood East,0
2014-09-18,Hillsboro,16,Herculaneum,1
2014-09-18,Union,12,Hermann,2
2014-09-18,Salem,11,Higbee,1
2014-09-18,Glendale,4,Hillcrest,14
2014-09-18,Dixon,6,Iberia,14
2014-09-18,Notre Dame (Cape Girardeau),8,Jackson,9
2014-09-18,Staley,4,Kearney,0
2014-09-18,Northwestern (Mendon),3,Keytesville,9
2014-09-18,Holden,9,Knob Noster,5
2014-09-18,Cameron,7,Lafayette (St. Joseph),5
2014-09-18,Marquette,1,Lafayette (Wildwood),7
2014-09-18,Carrollton,0,Lafayette County,10
2014-09-18,Lawson,5,Lathrop,4
2014-09-18,West Plains,14,Lebanon,4
2014-09-18,St. Charles,1,Lee's Summit,11
2014-09-18,Raymore-Peculiar,2,Lee's Summit North,3
2014-09-18,Blue Springs South,3,Lee's Summit West,4
2014-09-18,Parkway South,12,Lindbergh,0
2014-09-18,Palmyra,0,Macon,3
2014-09-18,Northeast (Cairo),19,Madison,0
2014-09-18,Liberty (Mountain View),3,Mansfield,13
2014-09-18,Milan,7,Marceline,10
2014-09-18,Walnut Grove,4,Marion C. Early,14
2014-09-18,Fulton,15,Marshall,5
2014-09-18,Smithville,9,Maryville,0
2014-09-18,St. Elizabeth,2,Maysville,7
2014-09-18,Lutheran North,4,McCluer,15
2014-09-18,Kirkwood,15,McCluer,0
2014-09-18,Novinger,22,Meadville,7
2014-09-18,Brentwood,4,Metro,19
2014-09-18,Battle,8,Mexico,5
2014-09-18,Lutheran South,6,Nerinx Hall,2
2014-09-18,St. Clair,5,New Haven,9
2014-09-18,Crocker,4,Newburg,2
2014-09-18,University City,13,Normandy Collaborative,6
2014-09-18,Montgomery County,1,North Callaway,6
2014-09-18,Mid-Buchanan,6,North Platte,12
2014-09-18,Knox County,9,North Shelby,0
2014-09-18,Mehlville,6,Northwest (Cedar Hill),13
2014-09-18,Principia,0,Notre Dame (St. Louis),7
2014-09-18,South Nodaway,3,Oak Grove,6
2014-09-18,Liberty North,12,Oak Park,2
2014-09-18,Clinton,13,O'Hara,1
2014-09-18,St. James,4,Pacific,11
2014-09-18,Fayette,0,Paris,3
2014-09-18,Affton,0,Parkway West,7
2014-09-18,Parkway Central,0,Pattonville,2
2014-09-18,West Platte,1,Penney,0
2014-09-18,St. Pius X (Festus),3,Perryville,5
2014-09-18,East Buchanan,4,Plattsburg,5
2014-09-18,Grain Valley,2,Pleasant Hill,4
2014-09-18,East Carter,3,Poplar Bluff,7
2014-09-18,Polo,4,Princeton,0
2014-09-18,Platte County,16,Raytown South,1
2014-09-18,Willard,0,Republic,6
2014-09-18,Ritenour,2,Rockwood Summit,8
2014-09-18,Camdenton,4,Rolla,14
2014-09-18,Park Hill South,16,Ruskin,1
2014-09-18,Versailles,6,Russellville,13
2014-09-18,Warsaw,3,Salem,7
2014-09-18,Westran,2,Schuyler County,0
2014-09-18,Putnam County,3,Schuyler County,2
2014-09-18,Highland,8,Scotland County,2
2014-09-18,Eureka,0,Seckman,2
2014-09-18,Pleasant Hope,17,Smithville,0
2014-09-18,Chaffee,12,Sikeston,11
2014-09-18,St. Pius X (Kansas City),4,Savannah,3
2014-09-18,Van-Far,1,Slater,5
2014-09-18,Louisiana,7,South Shelby,1
2014-09-18,Hallsville,5,Southern Boone,0
2014-09-18,Warrenton,13,St. Charles,0
2014-09-18,St. Dominic,10,St. Joseph's Academy,3
2014-09-18,North County,7,Ste. Genevieve,2
2014-09-18,Hermitage,10,Westran,4
2014-09-18,New Franklin,7,Worth County,2
2014-09-18,Owensville,0,Webb City,10
2014-09-18,Ava,12,Thayer,13
2014-09-18,Francis Howell,13,Troy Buchanan,3
2014-09-18,Kirkwood,6,Ursuline Academy,9
2014-09-18,Winona,5,Van Buren,4
2014-09-18,Bowling Green,13,Van-Far,0
2014-09-18,Osage,4,Vienna,5
2014-09-18,Nevada,10,Warrensburg,6
2014-09-18,Fair Play,8,Weaubleau,4
2014-09-18,Mark Twain,4,Wellsville-Middletown,2
2014-09-18,Parkway North,13,Westminster Christian Academy,1
2014-09-18,Raytown,2,William Chrisman,4
2014-09-18,Gainesville,4,Willow Springs,6
2014-09-18,Valley Park,1,Wright City,11
2014-09-19,Gainesville,17,Alton,0
2014-09-19,Blue Springs,5,Belton,0
2014-09-19,Webb City,1,Belton,4
2014-09-19,Richmond,0,Blue Springs,10
2014-09-19,Clinton,1,Blue Springs South,10
2014-09-19,Harrisonville,0,Blue Springs South,3
2014-09-19,Green City,1,Brashear,12
2014-09-19,Joplin,5,Camdenton,2
2014-09-19,Mark Twain,0,Canton,6
2014-09-19,Bishop DuBourg,17,Clayton,1
2014-09-19,Waynesville,13,Cleveland NJROTC,14
2014-09-19,Harrisonville,10,Clinton,0
2014-09-19,Hermitage,8,Dadeville,4
2014-09-19,Fair Play,11,Dadeville,0
2014-09-19,Versailles,1,Eldon,5
2014-09-19,Warsaw,0,Eugene,5
2014-09-19,Savannah,0,Eureka,8
2014-09-19,Liberty,5,Eureka,3
2014-09-19,Ozark,6,Eureka,3
2014-09-19,Hermitage,2,Fair Play,8
2014-09-19,Trinity Catholic,1,Fox,7
2014-09-19,Trinity Catholic,1,Ft. Zumwalt North,12
2014-09-19,Webb City,9,Ft. Zumwalt West,8
2014-09-19,Kearney,9,Ft. Zumwalt West,10
2014-09-19,Metro,31,Gateway,5
2014-09-19,Liberty North,8,Grain Valley,1
2014-09-19,Helias Catholic,4,Grain Valley,5
2014-09-19,Pleasant Hill,5,Grain Valley,2
2014-09-19,Weaubleau,17,Halfway,3
2014-09-19,Metro,2,Hancock,17
2014-09-19,Winfield,12,Hazelwood West,6
2014-09-19,Liberty North,8,Helias Catholic,0
2014-09-19,Nevada,6,Holden,5
2014-09-19,Blair Oaks,10,Holden,0
2014-09-19,Valley Park,2,Jefferson (Festus),6
2014-09-19,Richmond,2,Kearney,9
2014-09-19,Republic,7,Kickapoo,0
2014-09-19,McCluer,0,Kirkwood,15
2014-09-19,Ft. Zumwalt South,3,Lafayette (Wildwood),12
2014-09-19,Warrensburg,7,Lafayette County,0
2014-09-19,Timberland,3,Lee's Summit West,11
2014-09-19,Fort Osage,1,Lee's Summit West,4
2014-09-19,Willard,0,Lee's Summit West,7
2014-09-19,Macks Creek,6,Leeton,7
2014-09-19,Wheatland,0,Leeton,13
2014-09-19,Savannah,0,Liberty,22
2014-09-19,Helias Catholic,0,Liberty,8
2014-09-19,Ozark,1,Liberty,0
2014-09-19,Parkway North,5,Lindbergh,3
2014-09-19,Fatima,3,Linn,0
2014-09-19,Atlanta,8,Linn County,10
2014-09-19,Wheatland,0,Macks Creek,11
2014-09-19,Hazelwood East,5,McCluer South-Berkeley,22
2014-09-19,Carnahan,17,Miller Career Academy,17
2014-09-19,Blair Oaks,17,Nevada,0
2014-09-19,Russellville,2,New Bloomfield,8
2014-09-19,Smithville,3,Nixa,2
2014-09-19,Raymore-Peculiar,13,Odessa,0
2014-09-19,South Nodaway,6,Odessa,7
2014-09-19,Raytown,13,Odessa,0
2014-09-19,Savannah,0,Ozark,9
2014-09-19,Clark County,0,Palmyra,6
2014-09-19,Parkway Central,2,Parkway South,12
2014-09-19,Mehlville,0,Parkway West,15
2014-09-19,Liberty North,5,Pleasant Hill,1
2014-09-19,Helias Catholic,2,Pleasant Hill,10
2014-09-19,Naylor,15,Puxico,1
2014-09-19,South Nodaway,0,Raymore-Peculiar,11
2014-09-19,Logan-Rogersville,22,Rolla,4
2014-09-19,Soldan International Studies,6,Roosevelt,21
2014-09-19,Raytown,15,Ruskin,0
2014-09-19,Hillsboro,2,Seckman,4
2014-09-19,Hartville,23,Smithville,1
2014-09-19,Bowling Green,1,Slater,2
2014-09-19,Fulton,1,Southern Boone,15
2014-09-19,Union,14,St. Charles,7
2014-09-19,Affton,6,St. Pius X (Festus),8
2014-09-19,Fort Osage,13,Timberland,15
2014-09-19,Westran,13,Tuscumbia,10
2014-09-19,Bayless,19,University City,9
2014-09-19,John F. Kennedy,12,Veritas Christian Academy,0
2014-09-19,Salem,0,Waynesville,9
2014-09-19,Nixa,8,Webster Groves,3
2014-09-19,William Chrisman,1,Webster Groves,2
2014-09-19,Smithville,3,Webster Groves,4
2014-09-19,Community,5,Wellsville-Middletown,6
2014-09-19,Timberland,2,Willard,6
2014-09-19,Fort Osage,0,Willard,3
2014-09-19,Nixa,6,William Chrisman,0
2014-09-19,Smithville,2,William Chrisman,3
2014-09-20,Northeast Nodaway,2,Albany,6
2014-09-20,Plattsburg,3,Albany,4
2014-09-20,Marshfield,12,Alton,0
2014-09-20,Norwood,15,Alton,1
2014-09-20,Smithville,11,Alton,9
2014-09-20,Central (Springfield),1,Ava,11
2014-09-20,Hollister,1,Ava,16
2014-09-20,Richmond,0,Belton,11
2014-09-20,Kearney,0,Belton,2
2014-09-20,Ft. Zumwalt West,4,Belton,9
2014-09-20,Warrensburg,1,Blair Oaks,10
2014-09-20,Ft. Zumwalt West,1,Blue Springs,11
2014-09-20,Webb City,0,Blue Springs,15
2014-09-20,Kearney,3,Blue Springs,4
2014-09-20,Raymore-Peculiar,1,Blue Springs South,2
2014-09-20,Blair Oaks,0,Blue Springs South,1
2014-09-20,West Plains,5,Bolivar,2
2014-09-20,Milan,0,Brookfield,8
2014-09-20,Marceline,0,Brookfield,8
2014-09-20,Staley,10,Cameron,0
2014-09-20,Community,1,Canton,16
2014-09-20,South Shelby,1,Canton,9
2014-09-20,Clark County,5,Canton,6
2014-09-20,Excelsior Springs,3,Carrollton,7
2014-09-20,Westran,3,Carrollton,5
2014-09-20,Chillicothe,2,Carrollton,3
2014-09-20,North Platte,7,Carrollton,0
2014-09-20,Reeds Spring,3,Cassville,5
2014-09-20,Kickapoo,2,Cassville,3
2014-09-20,West Plains,4,Cassville,2
2014-09-20,Lebanon,4,Cassville,5
2014-09-20,Cor Jesu Academy,6,Central (Cape Girardeau),2
2014-09-20,Portageville,8,Central (Cape Girardeau),4
2014-09-20,Windsor (Imperial),5,Central (Cape Girardeau),13
2014-09-20,Platte County,9,Central (St. Joseph),5
2014-09-20,Staley,5,Central (St. Joseph),6
2014-09-20,Cameron,7,Central (St. Joseph),1
2014-09-20,Winnetonka,0,Central (St. Joseph),16
2014-09-20,Penney,2,Chillicothe,9
2014-09-20,Norborne,3,Chillicothe,4
2014-09-20,North Platte,7,Chillicothe,1
2014-09-20,Schuyler County,9,Clark County,8
2014-09-20,South Nodaway,3,Clinton,2
2014-09-20,Holden,6,Clinton,5
2014-09-20,North Shelby,7,Community,6
2014-09-20,Notre Dame (Cape Girardeau),2,Cor Jesu Academy,1
2014-09-20,Cuba,0,Crocker,2
2014-09-20,Vienna,5,Crocker,10
2014-09-20,Vienna,2,Cuba,8
2014-09-20,Halfway,17,Dadeville,2
2014-09-20,Wheatland,2,Dadeville,11
2014-09-20,El Dorado Springs,2,East Newton,0
2014-09-20,Walnut Grove,0,East Newton,12
2014-09-20,Lamar,8,East Newton,20
2014-09-20,Walnut Grove,5,El Dorado Springs,12
2014-09-20,Eugene,3,Eldon,2
2014-09-20,Louisiana,5,Elsberry,4
2014-09-20,Clopton,11,Elsberry,4
2014-09-20,Warsaw,0,Eugene,5
2014-09-20,New Bloomfield,7,Eugene,8
2014-09-20,Grain Valley,0,Eureka,3
2014-09-20,William Chrisman,1,Eureka,6
2014-09-20,Norborne,6,Excelsior Springs,2
2014-09-20,Leeton,3,Fair Play,7
2014-09-20,Weaubleau,9,Fair Play,4
2014-09-20,Poplar Bluff,1,Farmington,8
2014-09-20,Kelly,3,Farmington,1
2014-09-20,Lutheran South,3,Farmington,13
2014-09-20,Central (Cape Girardeau),7,Farmington,21
2014-09-20,Glasgow,15,Fayette,12
2014-09-20,Worth County,3,Fayette,4
2014-09-20,Cor Jesu Academy,8,Festus,3
2014-09-20,Nerinx Hall,9,Festus,4
2014-09-20,St. Clair,0,Festus,5
2014-09-20,Oran,1,Festus,13
2014-09-20,Union,3,Fox,5
2014-09-20,Francis Howell Central,2,Francis Howell,13
2014-09-20,Winfield,2,Ft. Zumwalt North,3
2014-09-20,Fox,0,Ft. Zumwalt North,4
2014-09-20,Richmond,3,Ft. Zumwalt West,7
2014-09-20,Versailles,4,Fulton,3
2014-09-20,Russellville,2,Fulton,17
2014-09-20,Van Buren,3,Gainesville,0
2014-09-20,Norwood,6,Gainesville,2
2014-09-20,Smithville,1,Gainesville,13
2014-09-20,Jamestown,4,Glasgow,0
2014-09-20,St. James,14,Glendale,0
2014-09-20,Houston,5,Glendale,4
2014-09-20,Newburg,6,Glendale,5
2014-09-20,Timberland,11,Grain Valley,18
2014-09-20,Wheatland,0,Halfway,11
2014-09-20,Clopton,4,Hannibal,5
2014-09-20,Wright City,5,Hannibal,10
2014-09-20,Lafayette County,7,Harrisonville,6
2014-09-20,Odessa,6,Harrisonville,5
2014-09-20,Van Buren,5,Hartville,0
2014-09-20,Marion C. Early,8,Hartville,5
2014-09-20,Smithville,1,Hartville,8
2014-09-20,Trinity Catholic,9,Hazelwood West,13
2014-09-20,Visitation Academy,4,Hazelwood West,7
2014-09-20,Fort Osage,4,Helias Catholic,11
2014-09-20,Macks Creek,5,Hermitage,8
2014-09-20,Wright City,0,Highland,6
2014-09-20,Branson,5,Hillcrest,4
2014-09-20,Lebanon,13,Hillcrest,3
2014-09-20,Bolivar,8,Hillcrest,1
2014-09-20,South Nodaway,4,Holden,9
2014-09-20,Prairie Home,0,Holden,13
2014-09-20,Central (Springfield),2,Hollister,11
2014-09-20,Newburg,11,Houston,9
2014-09-20,St. Clair,2,Jackson,9
2014-09-20,Poplar Bluff,1,Jackson,5
2014-09-20,Notre Dame (Cape Girardeau),14,Jackson,6
2014-09-20,Portageville,6,Jackson,0
2014-09-20,Worth County,2,Jamestown,5
2014-09-20,Prairie Home,0,Jamestown,10
2014-09-20,Notre Dame (Cape Girardeau),5,Kelly,8
2014-09-20,Neelyville,0,Kelly,14
2014-09-20,Portageville,3,Kelly,6
2014-09-20,Reeds Spring,5,Kickapoo,4
2014-09-20,Hillcrest,9,Kickapoo,10
2014-09-20,Bolivar,5,Kickapoo,4
2014-09-20,Nevada,6,Lafayette County,4
2014-09-20,Warrensburg,7,Lafayette County,0
2014-09-20,El Dorado Springs,8,Lamar,0
2014-09-20,Walnut Grove,7,Lamar,4
2014-09-20,Vienna,6,Lathrop,5
2014-09-20,North Andrew,1,Lathrop,8
2014-09-20,Branson,3,Lebanon,5
2014-09-20,Nixa,0,Lee's Summit West,13
2014-09-20,Liberty North,13,Lee's Summit West,3
2014-09-20,Weaubleau,9,Leeton,6
2014-09-20,Webster Groves,1,Liberty,10
2014-09-20,Pleasant Hill,6,Liberty,3
2014-09-20,Hannibal,4,Louisiana,6
2014-09-20,Highland,10,Louisiana,0
2014-09-20,Principia,5,Lutheran St. Charles,7
2014-09-20,Putnam County,2,Macon,9
2014-09-20,North Platte,1,Macon,0
2014-09-20,Westran,11,Macon,8
2014-09-20,Penney,6,Macon,2
2014-09-20,South Shelby,21,Madison,1
2014-09-20,North Shelby,7,Madison,6
2014-09-20,Milan,1,Marceline,5
2014-09-20,Norwood,2,Marion C. Early,4
2014-09-20,Van Buren,5,Marshfield,6
2014-09-20,Marion C. Early,4,Marshfield,6
2014-09-20,Bolivar,3,McDonald County,5
2014-09-20,West Plains,8,McDonald County,5
2014-09-20,Reeds Spring,0,McDonald County,3
2014-09-20,Branson,0,McDonald County,6
2014-09-20,St. Elizabeth,1,Milan,8
2014-09-20,Wright City,9,Monroe City,7
2014-09-20,Wellsville-Middletown,2,Monroe City,11
2014-09-20,Clopton,1,Monroe City,2
2014-09-20,Lutheran South,5,Naylor,3
2014-09-20,Nerinx Hall,4,Naylor,3
2014-09-20,Lutheran South,11,Neelyville,1
2014-09-20,Oran,7,Neelyville,4
2014-09-20,Notre Dame (Cape Girardeau),3,Nerinx Hall,2
2014-09-20,Odessa,1,Nevada,11
2014-09-20,Father Tolton,15,New Haven,8
2014-09-20,Penney,6,Norborne,2
2014-09-20,South Nodaway,4,North Andrew,1
2014-09-20,Hickman,4,North Callaway,1
2014-09-20,Schuyler County,15,North Shelby,6
2014-09-20,Park Hill,7,Oak Park,0
2014-09-20,Winnetonka,6,Oak Park,3
2014-09-20,Raytown South,4,Oak Park,6
2014-09-20,Cameron,0,Oak Park,1
2014-09-20,Portageville,4,Oran,0
2014-09-20,Windsor (Imperial),14,Oran,3
2014-09-20,Veritas Christian Academy,6,Orchard Farm,18
2014-09-20,Lutheran St. Charles,0,Orchard Farm,11
2014-09-20,New Haven,2,Owensville,13
2014-09-20,Father Tolton,13,Owensville,11
2014-09-20,Nixa,0,Ozark,13
2014-09-20,Liberty North,2,Ozark,1
2014-09-20,Clark County,12,Paris,0
2014-09-20,Community,3,Paris,1
2014-09-20,Raytown South,5,Park Hill,6
2014-09-20,Winnetonka,3,Park Hill,8
2014-09-20,Platte County,3,Park Hill,1
2014-09-20,Cameron,1,Platte County,6
2014-09-20,Staley,0,Platte County,4
2014-09-20,Thayer,3,Polo,7
2014-09-20,Naylor,2,Poplar Bluff,5
2014-09-20,Cor Jesu Academy,2,Poplar Bluff,5
2014-09-20,Worth County,12,Prairie Home,2
2014-09-20,Veritas Christian Academy,8,Principia,12
2014-09-20,Norborne,10,Putnam County,11
2014-09-20,North Platte,8,Putnam County,1
2014-09-20,Excelsior Springs,6,Putnam County,4
2014-09-20,Warrensburg,2,Raymore-Peculiar,13
2014-09-20,Staley,19,Raytown South,2
2014-09-20,Winnetonka,1,Raytown South,8
2014-09-20,Branson,11,Reeds Spring,9
2014-09-20,Cuba,8,Richland,5
2014-09-20,Crocker,5,Richland,6
2014-09-20,Vienna,10,Richland,0
2014-09-20,Warsaw,8,Russellville,5
2014-09-20,South Shelby,2,Schuyler County,1
2014-09-20,Glasgow,7,Salem,5
2014-09-20,Fayette,11,Salem,1
2014-09-20,Prairie Home,10,Salem,1
2014-09-20,Smithville,10,Savannah,2
2014-09-20,Fort Osage,5,Savannah,1
2014-09-20,Helias Catholic,12,Smithville,10
2014-09-20,Vienna,3,South Nodaway,0
2014-09-20,New Bloomfield,2,Southern Boone,7
2014-09-20,Eldon,8,Southern Boone,0
2014-09-20,Trinity Catholic,5,St. Charles,4
2014-09-20,Visitation Academy,4,St. Charles,5
2014-09-20,Newburg,0,St. James,15
2014-09-20,Houston,1,St. James,6
2014-09-20,Ft. Zumwalt East,9,St. Joseph's Academy,5
2014-09-20,St. Elizabeth,0,Trenton,18
2014-09-20,Brookfield,6,Trenton,1
2014-09-20,Neelyville,8,St. Clair,2
2014-09-20,Naylor,7,St. Clair,0
2014-09-20,Winfield,13,Union,2
2014-09-20,Warsaw,4,Versailles,7
2014-09-20,Ft. Zumwalt East,3,Warrenton,6
2014-09-20,St. Joseph's Academy,0,Warrenton,10
2014-09-20,Richmond,7,Webb City,6
2014-09-20,Kearney,0,Webb City,1
2014-09-20,Willard,1,Webster Groves,2
2014-09-20,William Chrisman,1,Webster Groves,2
2014-09-20,Highland,16,Wellsville-Middletown,4
2014-09-20,Lebanon,9,West Plains,10
2014-09-20,Excelsior Springs,2,Westran,9
2014-09-20,Penney,5,Westran,3
2014-09-20,Pleasant Hill,9,Willard,2
2014-09-20,Timberland,8,William Chrisman,3
2014-09-20,Smithville,2,William Chrisman,3
2014-09-20,Nixa,6,William Chrisman,0
2014-09-20,Lutheran South,7,Windsor (Imperial),9
2014-09-20,Nerinx Hall,0,Windsor (Imperial),16
2014-09-21,Hazelwood West,14,McCluer,1
2014-09-22,Lutheran South,13,Affton,2
2014-09-22,North Harrison,12,Albany,2
2014-09-22,Green City,5,Atlanta,8
2014-09-22,Marshfield,3,Aurora,2
2014-09-22,Hartville,8,Bakersfield,0
2014-09-22,Warsaw,2,Belle,11
2014-09-22,Northeast (Cairo),21,Bevier,1
2014-09-22,John F. Kennedy,2,Bishop DuBourg,1
2014-09-22,Hallsville,1,Blair Oaks,11
2014-09-22,Raymore-Peculiar,6,Blue Springs South,4
2014-09-22,Warrensburg,8,Bolivar,3
2014-09-22,St. James,29,Bourbon,2
2014-09-22,Bayless,16,Brentwood,6
2014-09-22,Linn County,21,Brunswick,3
2014-09-22,Webb City,6,Carl Junction,2
2014-09-22,St. Clair,2,Central (Cape Girardeau),12
2014-09-22,Humansville,0,Central (Springfield),10
2014-09-22,St. Teresa's Academy,2,Central (St. Joseph),6
2014-09-22,Penney,8,Chillicothe,4
2014-09-22,Canton,16,Clark County,1
2014-09-22,Odessa,14,Clinton,9
2014-09-22,Monroe City,18,Community,1
2014-09-22,Hermann,3,Cuba,6
2014-09-22,Portageville,0,DeSoto,1
2014-09-22,Salem,17,Dixon,15
2014-09-22,Jamestown,14,Father Tolton,4
2014-09-22,Raytown,7,Fort Osage,0
2014-09-22,Parkway South,2,Fox,0
2014-09-22,Francis Howell,8,Francis Howell Central,4
2014-09-22,Parkway West,3,Ft. Zumwalt North,4
2014-09-22,Washington,7,Ft. Zumwalt South,2
2014-09-22,Ft. Zumwalt East,15,Ft. Zumwalt West,16
2014-09-22,North Callaway,6,Fulton,0
2014-09-22,Koshkonong,3,Gainesville,9
2014-09-22,Lawson,5,Gallatin,8
2014-09-22,Higbee,3,Glasgow,13
2014-09-22,Weaubleau,0,Halfway,9
2014-09-22,Moberly,14,Hannibal,9
2014-09-22,McCluer,1,Hazelwood West,14
2014-09-22,Lexington,9,Holden,7
2014-09-22,Timberland,3,Holt,8
2014-09-22,Westran,0,Iberia,10
2014-09-22,Sikeston,1,Jackson,11
2014-09-22,Hillsboro,12,Jefferson (Festus),0
2014-09-22,Van-Far,1,Jefferson City,11
2014-09-22,Parkview,1,Joplin,15
2014-09-22,Lee's Summit,4,Kearney,0
2014-09-22,West Plains,11,Kickapoo,5
2014-09-22,Parkway North,3,Kirkwood,2
2014-09-22,McDonald County,11,Lamar,2
2014-09-22,Glendale,9,Lebanon,12
2014-09-22,Park Hill,0,Lee's Summit North,10
2014-09-22,Blue Springs,10,Lee's Summit West,1
2014-09-22,Mehlville,6,Lindbergh,7
2014-09-22,Eldon,6,Linn,0
2014-09-22,Clayton,31,Lutheran North,14
2014-09-22,Paris,17,Madison,5
2014-09-22,Wellsville-Middletown,10,Marion County,8
2014-09-22,Louisiana,7,Mark Twain,1
2014-09-22,Seckman,7,Marquette,5
2014-09-22,Boonville,14,Marshall,1
2014-09-22,Hazelwood East,0,McCluer North,15
2014-09-22,Brashear,10,Meadville,1
2014-09-22,East Carter,0,Naylor,8
2014-09-22,Chaffee,13,Neelyville,14
2014-09-22,Incarnate Word Academy,1,Nerinx Hall,16
2014-09-22,Carthage,1,Nevada,11
2014-09-22,Worth County,1,New Bloomfield,10
2014-09-22,Metro,18,Normandy Collaborative,3
2014-09-22,Union,1,North County,2
2014-09-22,Oak Park,20,North Kansas City,1
2014-09-22,Schuyler County,14,North Shelby,1
2014-09-22,Eureka,16,Northwest (Cedar Hill),1
2014-09-22,Mansfield,14,Norwood,8
2014-09-22,Duchesne,7,Notre Dame (St. Louis),0
2014-09-22,Lafayette (Wildwood),3,Oakville,7
2014-09-22,Elsberry,0,Orchard Farm,6
2014-09-22,Buffalo,5,Osage,6
2014-09-22,Highland,1,Palmyra,3
2014-09-22,St. Charles,3,Park Hill South,14
2014-09-22,Windsor (Imperial),12,Perryville,2
2014-09-22,Tuscumbia,2,Pilot Grove,12
2014-09-22,Grandview,0,Platte County,15
2014-09-22,DeKalb,6,Plattsburg,2
2014-09-22,Notre Dame de Sion,3,Pleasant Hill,5
2014-09-22,Walnut Grove,0,Pleasant Hope,15
2014-09-22,Fayette,14,Prairie Home,4
2014-09-22,Trenton,4,Putnam County,3
2014-09-22,Winnetonka,8,Raytown South,9
2014-09-22,Cassville,2,Reeds Spring,5
2014-09-22,Crocker,6,Richland,2
2014-09-22,Pattonville,0,Ritenour,7
2014-09-22,Hazelwood Central,18,Riverview Gardens,4
2014-09-22,St. Dominic,12,Rosati-Kain,1
2014-09-22,Salem,2,Schuyler County,11
2014-09-22,Mid-Buchanan,0,Savannah,6
2014-09-22,Novinger,0,Scotland County,15
2014-09-22,O'Hara,0,Smithville,13
2014-09-22,Harrisburg,0,Slater,14
2014-09-22,Northeast Nodaway,3,South Nodaway,5
2014-09-22,Warrenton,16,St. Clair,0
2014-09-22,Fatima,4,Van-Far,2
2014-09-22,Festus,10,St. Pius X (Festus),5
2014-09-22,William Chrisman,1,Staley,11
2014-09-22,Principia,1,Webb City,10
2014-09-22,South Nodaway,11,Summit Christian Academy,1
2014-09-22,Liberty (Mountain View),1,Thayer,7
2014-09-22,Lutheran St. Charles,2,Trinity Catholic,5
2014-09-22,Ladue Horton Watkins,20,University City,3
2014-09-22,Cleveland NJROTC,3,Valley Park,23
2014-09-22,Willow Springs,1,Van Buren,3
2014-09-22,Roosevelt,15,Waynesville,17
2014-09-22,California,0,Warsaw,13
2014-09-22,Camdenton,7,Waynesville,14
2014-09-22,Rockwood Summit,3,Webster Groves,1
2014-09-22,Macon,0,Westran,4
2014-09-22,Puxico,1,Winona,16
2014-09-22,Silex,11,Wright City,1
2014-09-23,Braymer,11,Albany,10
2014-09-23,Doniphan,17,Alton,5
2014-09-23,Lamar,2,Aurora,9
2014-09-23,Lebanon,5,Ava,9
2014-09-23,Kearney,9,Belton,2
2014-09-23,Meadville,16,Bevier,7
2014-09-23,Blue Springs South,0,Blue Springs,2
2014-09-23,Moberly,5,Boonville,10
2014-09-23,Wright City,0,Bowling Green,10
2014-09-23,Carthage,3,Branson,6
2014-09-23,Cleveland NJROTC,20,Brentwood,5
2014-09-23,Palmyra,0,Brookfield,7
2014-09-23,Blair Oaks,17,California,0
2014-09-23,Savannah,3,Camdenton,14
2014-09-23,Knob Noster,0,Carrollton,13
2014-09-23,McDonald County,13,Cassville,0
2014-09-23,Farmington,3,Central (Park Hills),0
2014-09-23,Mansfield,5,Central (Springfield),1
2014-09-23,Liberty,8,Central (St. Joseph),5
2014-09-23,Louisiana,4,Clark County,3
2014-09-23,Riverview Gardens,6,Clayton,14
2014-09-23,Wheatland,15,Climax Springs,4
2014-09-23,North Callaway,15,Community,0
2014-09-23,Osage,0,Crocker,4
2014-09-23,Laquey,0,Dixon,15
2014-09-23,Versailles,0,Eldon,10
2014-09-23,Slater,0,Eugene,5
2014-09-23,Parkview,1,Fair Play,6
2014-09-23,Union,0,Farmington,15
2014-09-23,Washington,0,Farmington,5
2014-09-23,Marceline,12,Fayette,3
2014-09-23,Lindbergh,5,Festus,7
2014-09-23,Ft. Zumwalt West,4,Francis Howell,8
2014-09-23,Francis Howell Central,5,Francis Howell North,0
2014-09-23,Ft. Zumwalt North,12,Ft. Zumwalt East,2
2014-09-23,Kirksville,7,Fulton,3
2014-09-23,Polo,6,Gallatin,1
2014-09-23,North Harrison,18,Gilman City,2
2014-09-23,Raytown South,6,Grandview,9
2014-09-23,Worth County,4,Hallsville,10
2014-09-23,Southern Boone,12,Harrisburg,0
2014-09-23,Excelsior Springs,0,Harrisonville,6
2014-09-23,Houston,6,Hartville,9
2014-09-23,Fatima,8,Helias Catholic,6
2014-09-23,St. Pius X (Festus),14,Herculaneum,2
2014-09-23,Halfway,12,Hermitage,1
2014-09-23,Macon,0,Highland,10
2014-09-23,Rolla,8,Hillcrest,13
2014-09-23,Cor Jesu Academy,9,Hillsboro,6
2014-09-23,Buffalo,13,Hollister,3
2014-09-23,Ursuline Academy,4,Incarnate Word Academy,7
2014-09-23,Windsor (Imperial),9,Jackson,5
2014-09-23,Perryville,6,Jefferson (Festus),16
2014-09-23,Battle,2,Jefferson City,9
2014-09-23,Veritas Christian Academy,1,John F. Kennedy,14
2014-09-23,Madison,1,Keytesville,11
2014-09-23,Putnam County,6,Knox County,7
2014-09-23,McCluer North,0,Lafayette (Wildwood),3
2014-09-23,Richmond,7,Lafayette County,3
2014-09-23,East Buchanan,1,Lathrop,15
2014-09-23,Lee's Summit West,8,Lee's Summit North,2
2014-09-23,Holden,12,Leeton,0
2014-09-23,Smithville,13,Liberty (Mountain View),23
2014-09-23,Staley,1,Liberty North,2
2014-09-23,Russellville,4,Linn,5
2014-09-23,Reeds Spring,1,Logan-Rogersville,2
2014-09-23,Principia,2,Lutheran South,8
2014-09-23,Visitation Academy,4,Lutheran St. Charles,13
2014-09-23,Clopton,14,Mark Twain,4
2014-09-23,Salem,3,Marshall,9
2014-09-23,Bolivar,2,Marshfield,3
2014-09-23,Bishop LeBlond,5,Maryville,0
2014-09-23,Hazelwood Central,9,McCluer,6
2014-09-23,Valley Park,25,McCluer South-Berkeley,5
2014-09-23,Scotland County,9,Milan,6
2014-09-23,Wellsville-Middletown,2,Montgomery County,12
2014-09-23,Van Buren,3,Naylor,7
2014-09-23,Oakville,12,Nerinx Hall,0
2014-09-23,Owensville,7,New Haven,3
2014-09-23,Fredericktown,2,North County,8
2014-09-23,Norborne,12,Northwestern (Mendon),0
2014-09-23,Central (Cape Girardeau),0,Notre Dame (Cape Girardeau),11
2014-09-23,Rosati-Kain,1,Notre Dame (St. Louis),10
2014-09-23,La Plata,10,Novinger,8
2014-09-23,Pleasant Hill,9,Oak Grove,10
2014-09-23,Fort Osage,3,Oak Park,2
2014-09-23,Grain Valley,12,Odessa,0
2014-09-23,Willard,2,Ozark,12
2014-09-23,Park Hill South,5,Park Hill,3
2014-09-23,Parkway West,14,Parkway Central,4
2014-09-23,Parkway South,8,Parkway North,7
2014-09-23,Mid-Buchanan,0,Penney,10
2014-09-23,Father Tolton,3,Pilot Grove,13
2014-09-23,North Platte,19,Plattsburg,0
2014-09-23,Ste. Genevieve,14,Potosi,4
2014-09-23,Lee's Summit,6,Raymore-Peculiar,2
2014-09-23,Hazelwood Central,0,Ritenour,12
2014-09-23,Seckman,15,Rockwood Summit,3
2014-09-23,Northeast (Cairo),6,Schuyler County,7
2014-09-23,Clinton,1,South Nodaway,5
2014-09-23,Neelyville,10,Sikeston,5
2014-09-23,Van-Far,3,Silex,13
2014-09-23,Chillicothe,5,Smithville,0
2014-09-23,Carnahan,23,Soldan International Studies,14
2014-09-23,Princeton,12,St. Elizabeth,1
2014-09-23,Westran,5,South Shelby,4
2014-09-23,Hardin-Central,4,Thayer,11
2014-09-23,Pacific,15,St. Clair,0
2014-09-23,Duchesne,7,St. Joseph's Academy,5
2014-09-23,Hermann,0,St. James,10
2014-09-23,Lafayette (St. Joseph),1,St. Teresa's Academy,2
2014-09-23,Maysville,2,Vienna,4
2014-09-23,St. Pius X (Kansas City),3,Summit Christian Academy,13
2014-09-23,Lexington,0,Trenton,3
2014-09-23,Bishop DuBourg,5,Trinity Catholic,2
2014-09-23,Timberland,0,Troy Buchanan,15
2014-09-23,Ruskin,0,St. Charles,18
2014-09-23,Jamestown,17,Tuscumbia,9
2014-09-23,Puxico,0,St. Clair,10
2014-09-23,Metro,38,University City,11
2014-09-23,Belle,6,Vienna,4
2014-09-23,Dadeville,2,Walnut Grove,17
2014-09-23,St. Dominic,3,Warrenton,0
2014-09-23,Holt,2,Washington,4
2014-09-23,Pleasant Hope,21,Weaubleau,6
2014-09-23,Republic,6,Webb City,4
2014-09-23,Joplin,11,West Plains,1
2014-09-23,North Kansas City,0,William Chrisman,15
2014-09-23,Salem,10,Willow Springs,5
2014-09-23,Orchard Farm,0,Winfield,10
2014-09-23,Koshkonong,1,Winona,11
2014-09-24,Meadville,0,Atlanta,15
2014-09-24,Salem,13,Ava,4
2014-09-24,Hannibal,3,Battle,7
2014-09-24,St. Teresa's Academy,3,Benton,4
2014-09-24,St. Elizabeth,1,Braymer,13
2014-09-24,Silex,20,Community,0
2014-09-24,Lawson,8,East Buchanan,1
2014-09-24,Potosi,1,Festus,16
2014-09-24,St. Dominic,8,Francis Howell Central,1
2014-09-24,Washington,7,Ft. Zumwalt East,8
2014-09-24,Eureka,4,Ft. Zumwalt South,0
2014-09-24,Bayless,1,Hancock,19
2014-09-24,McCluer,6,Hazelwood Central,9
2014-09-24,Hazelwood West,15,Hazelwood East,0
2014-09-24,Helias Catholic,1,Hickman,3
2014-09-24,Lafayette (Wildwood),6,Hillsboro,1
2014-09-24,Fox,1,Holt,11
2014-09-24,Herculaneum,1,Jefferson (Festus),11
2014-09-24,Parkview,0,Kickapoo,15
2014-09-24,Webster Groves,3,Kirkwood,4
2014-09-24,South Nodaway,3,Lafayette County,7
2014-09-24,Platte County,4,Lee's Summit West,2
2014-09-24,Richmond,11,Lexington,1
2014-09-24,Central (St. Joseph),3,Liberty North,11
2014-09-24,Novinger,3,Linn County,18
2014-09-24,Bishop DuBourg,19,Lutheran North,4
2014-09-24,Incarnate Word Academy,0,Lutheran South,15
2014-09-24,Francis Howell North,3,Marquette,13
2014-09-24,University City,2,McCluer South-Berkeley,17
2014-09-24,Soldan International Studies,1,Metro,19
2014-09-24,Affton,2,Nerinx Hall,3
2014-09-24,Harrisburg,3,New Franklin,10
2014-09-24,Fort Osage,20,North Kansas City,0
2014-09-24,St. Pius X (Kansas City),1,Notre Dame de Sion,9
2014-09-24,St. Charles,2,Oak Park,3
2014-09-24,St. Charles,3,Orchard Farm,13
2014-09-24,Glendale,0,Ozark,16
2014-09-24,Hermann,0,Pacific,11
2014-09-24,Staley,10,Park Hill,0
2014-09-24,Liberty,14,Park Hill South,0
2014-09-24,Ladue Horton Watkins,0,Parkway West,15
2014-09-24,Westran,3,Richland,13
2014-09-24,McCluer North,17,Riverview Gardens,0
2014-09-24,Pattonville,0,Rockwood Summit,4
2014-09-24,Miller Career Academy,6,Roosevelt,16
2014-09-24,Paris,0,Schuyler County,11
2014-09-24,Brookfield,11,Schuyler County,7
2014-09-24,Northwest (Cedar Hill),7,Seckman,8
2014-09-24,Fredericktown,6,Sikeston,16
2014-09-24,Cameron,3,Smithville,1
2014-09-24,North Shelby,2,South Shelby,10
2014-09-24,Waynesville,5,St. James,6
2014-09-24,Ft. Zumwalt West,3,St. Joseph's Academy,4
2014-09-24,Chaffee,1,St. Pius X (Festus),4
2014-09-24,DeSoto,14,Ste. Genevieve,0
2014-09-24,New Haven,1,Valley Park,11
2014-09-24,Cor Jesu Academy,18,Visitation Academy,0
2014-09-24,Humansville,10,Walnut Grove,8
2014-09-24,Van-Far,17,Wellsville-Middletown,9
2014-09-24,Veritas Christian Academy,10,Westminster Christian Academy,11
2014-09-24,El Dorado Springs,16,Wheatland,4
2014-09-24,Clopton,4,Winfield,5
2014-09-24,Raymore-Peculiar,15,Winnetonka,0
2014-09-25,Oakville,17,Affton,1
2014-09-25,Novinger,4,Atlanta,8
2014-09-25,Dora,6,Bakersfield,0
2014-09-25,Raytown South,0,Belton,15
2014-09-25,Lee's Summit North,1,Blue Springs South,2
2014-09-25,Gallatin,9,Braymer,4
2014-09-25,McCluer South-Berkeley,17,Brentwood,6
2014-09-25,Meadville,21,Brunswick,6
2014-09-25,Warsaw,10,Buffalo,14
2014-09-25,Ozark,13,Carthage,0
2014-09-25,Poplar Bluff,7,Central (Cape Girardeau),6
2014-09-25,Macks Creek,5,Central (Springfield),4
2014-09-25,Jackson,5,Chaffee,3
2014-09-25,Centralia,10,Clark County,0
2014-09-25,Wright City,4,Clopton,6
2014-09-25,Montgomery County,16,Community,0
2014-09-25,Halfway,9,Dadeville,1
2014-09-25,Perryville,3,DeSoto,14
2014-09-25,Cuba,5,Dixon,4
2014-09-25,North Platte,15,East Buchanan,4
2014-09-25,Weaubleau,1,El Dorado Springs,5
2014-09-25,Hallsville,3,Eldon,0
2014-09-25,Mark Twain,4,Elsberry,0
2014-09-25,Van-Far,3,Elsberry,5
2014-09-25,North County,0,Farmington,1
2014-09-25,Fayette,0,Father Tolton,15
2014-09-25,Herculaneum,0,Festus,9
2014-09-25,William Chrisman,7,Fort Osage,2
2014-09-25,Pattonville,0,Fox,10
2014-09-25,Francis Howell North,6,Francis Howell,12
2014-09-25,Timberland,4,Francis Howell Central,10
2014-09-25,Ste. Genevieve,8,Fredericktown,1
2014-09-25,Ft. Zumwalt North,11,Ft. Zumwalt South,0
2014-09-25,Troy Buchanan,15,Ft. Zumwalt West,1
2014-09-25,Hannibal,3,Fulton,4
2014-09-25,Hollister,7,Gainesville,11
2014-09-25,Cleveland NJROTC,18,Gateway,12
2014-09-25,Excelsior Springs,3,Grain Valley,4
2014-09-25,Eugene,7,Harrisburg,2
2014-09-25,Marshfield,8,Hartville,6
2014-09-25,University City,24,Hazelwood East,7
2014-09-25,Boonville,8,Helias Catholic,3
2014-09-25,St. Pius X (Festus),8,Hillsboro,6
2014-09-25,Lafayette County,1,Holden,7
2014-09-25,Ava,11,Houston,8
2014-09-25,Marion C. Early,21,Humansville,0
2014-09-25,Higbee,0,Jamestown,10
2014-09-25,Trinity Catholic,1,John F. Kennedy,9
2014-09-25,Winnetonka,0,Kearney,12
2014-09-25,Sikeston,1,Kelly,9
2014-09-25,Marshall,3,Kirksville,5
2014-09-25,Schuyler County,0,Knox County,10
2014-09-25,Fair Play,12,Lamar,13
2014-09-25,Newburg,29,Laquey,12
2014-09-25,Mid-Buchanan,1,Lawson,11
2014-09-25,Rolla,11,Lebanon,17
2014-09-25,Lee's Summit West,0,Lee's Summit,2
2014-09-25,Hermitage,0,Leeton,4
2014-09-25,Knob Noster,3,Lexington,8
2014-09-25,Alton,14,Liberty (Mountain View),24
2014-09-25,St. James,7,Linn,6
2014-09-25,Schuyler County,6,Linn County,2
2014-09-25,Highland,6,Louisiana,0
2014-09-25,Veritas Christian Academy,5,Lutheran St. Charles,13
2014-09-25,Chillicothe,1,Macon,5
2014-09-25,Benton,10,Maryville,0
2014-09-25,Worth County,1,Maysville,13
2014-09-25,Kirkwood,11,Mehlville,1
2014-09-25,McCluer,18,Metro,15
2014-09-25,North Shelby,1,Milan,9
2014-09-25,Carnahan,18,Miller Career Academy,18
2014-09-25,Mexico,4,Moberly,5
2014-09-25,St. Clair,0,Naylor,5
2014-09-25,East Carter,11,Neelyville,7
2014-09-25,St. Joseph's Academy,6,Nerinx Hall,2
2014-09-25,Clinton,7,Nevada,4
2014-09-25,Webb City,10,Nixa,8
2014-09-25,Silex,0,North Callaway,7
2014-09-25,Willow Springs,8,Norwood,6
2014-09-25,Staley,12,Oak Park,0
2014-09-25,Oak Grove,17,Odessa,3
2014-09-25,Savannah,18,O'Hara,0
2014-09-25,Marceline,2,Paris,3
2014-09-25,St. Charles,0,Park Hill,4
2014-09-25,Blue Springs,1,Platte County,0
2014-09-25,Harrisonville,2,Pleasant Hill,5
2014-09-25,St. Elizabeth,0,Polo,12
2014-09-25,Doniphan,3,Portageville,5
2014-09-25,Central (Park Hills),17,Potosi,0
2014-09-25,Vienna,16,Princeton,3
2014-09-25,Scotland County,4,Putnam County,3
2014-09-25,Liberty North,13,Raytown,0
2014-09-25,Carrollton,3,Richmond,11
2014-09-25,Holt,7,Ritenour,0
2014-09-25,St. Joseph's Academy,16,Rosati-Kain,3
2014-09-25,Thayer,6,Salem,7
2014-09-25,Lafayette (St. Joseph),8,Savannah,2
2014-09-25,Carl Junction,0,Seneca,1
2014-09-25,Prairie Home,7,Salem,6
2014-09-25,New Bloomfield,0,Slater,4
2014-09-25,Versailles,0,Southern Boone,15
2014-09-25,Keytesville,1,Thayer,4
2014-09-25,Orchard Farm,11,St. Charles,1
2014-09-25,Notre Dame (St. Louis),4,St. Dominic,6
2014-09-25,Crocker,2,Van-Far,8
2014-09-25,Warrensburg,9,St. Pius X (Kansas City),6
2014-09-25,Mansfield,15,Westran,1
2014-09-25,Webb City,1,Union,9
2014-09-25,Cor Jesu Academy,19,Ursuline Academy,7
2014-09-25,Hancock,5,Valley Park,15
2014-09-25,Tuscumbia,1,Vienna,11
2014-09-25,Incarnate Word Academy,9,Visitation Academy,6
2014-09-25,Parkview,2,Walnut Grove,10
2014-09-25,Winfield,2,Warrenton,3
2014-09-25,Ft. Zumwalt East,8,Washington,5
2014-09-25,Northwest (Cedar Hill),6,Webster Groves,11
2014-09-25,Bowling Green,16,Wellsville-Middletown,1
2014-09-25,Northeast (Cairo),0,Westran,15
2014-09-25,Branson,3,Willard,7
2014-09-25,Pacific,3,Windsor (Imperial),5
2014-09-26,Parkway Central,1,Affton,3
2014-09-26,Nixa,11,Aurora,1
2014-09-26,Joplin,11,Aurora,4
2014-09-26,Hillcrest,8,Aurora,11
2014-09-26,Valley Park,14,Bayless,0
2014-09-26,Kirksville,0,Blue Springs,12
2014-09-26,Jefferson City,0,Blue Springs,15
2014-09-26,Ft. Zumwalt South,0,Blue Springs South,14
2014-09-26,Parkway South,0,Blue Springs South,6
2014-09-26,Branson,5,Bolivar,9
2014-09-26,Glasgow,25,Brunswick,0
2014-09-26,Kickapoo,12,Buffalo,1
2014-09-26,Waynesville,6,Buffalo,3
2014-09-26,Willard,14,Buffalo,4
2014-09-26,Liberty,12,Buffalo,0
2014-09-26,Lee's Summit North,12,Camdenton,2
2014-09-26,Bolivar,3,Camdenton,4
2014-09-26,Joplin,11,Cassville,1
2014-09-26,Hillcrest,1,Cassville,4
2014-09-26,Hermitage,16,Climax Springs,1
2014-09-26,Mehlville,13,Cor Jesu Academy,14
2014-09-26,Rolla,2,Crocker,16
2014-09-26,Oakville,2,DeSoto,3
2014-09-26,Notre Dame (St. Louis),2,Duchesne,1
2014-09-26,Carl Junction,9,East Newton,6
2014-09-26,Pleasant Hope,6,El Dorado Springs,4
2014-09-26,Park Hill,7,Francis Howell,10
2014-09-26,Hickman,3,Francis Howell,2
2014-09-26,Blair Oaks,10,Ft. Zumwalt South,9
2014-09-26,Lafayette (Wildwood),11,Ft. Zumwalt West,0
2014-09-26,Roosevelt,12,Gateway,17
2014-09-26,Reeds Spring,12,Glendale,5
2014-09-26,Republic,15,Glendale,1
2014-09-26,West Plains,13,Glendale,0
2014-09-26,McCluer South-Berkeley,24,Hazelwood East,6
2014-09-26,Pattonville,0,Hickman,9
2014-09-26,Nixa,17,Hillcrest,5
2014-09-26,St. Dominic,2,Jefferson City,10
2014-09-26,Nixa,5,Joplin,3
2014-09-26,Liberty,10,Kickapoo,6
2014-09-26,Waynesville,3,Kickapoo,4
2014-09-26,St. Dominic,6,Kirksville,5
2014-09-26,Parkway West,6,Kirkwood,9
2014-09-26,Linn County,16,La Plata,2
2014-09-26,El Dorado Springs,13,Lamar,11
2014-09-26,Pleasant Hope,9,Lamar,0
2014-09-26,Summit Christian Academy,10,Lamar,1
2014-09-26,Logan-Rogersville,1,Lee's Summit North,5
2014-09-26,Branson,1,Lee's Summit North,13
2014-09-26,Troy Buchanan,2,Lee's Summit West,4
2014-09-26,Willard,1,Liberty,10
2014-09-26,Branson,10,Logan-Rogersville,12
2014-09-26,Bolivar,6,Logan-Rogersville,2
2014-09-26,Bishop DuBourg,11,Lutheran St. Charles,5
2014-09-26,Norwood,4,Marion C. Early,3
2014-09-26,Metro,15,McCluer,18
2014-09-26,Pilot Grove,2,New Franklin,9
2014-09-26,Belle,11,New Haven,0
2014-09-26,Park Hill South,15,North Kansas City,0
2014-09-26,Atlanta,4,Northwestern (Mendon),19
2014-09-26,Pattonville,9,Park Hill,5
2014-09-26,Blair Oaks,5,Parkway South,6
2014-09-26,Hillsboro,9,Perryville,2
2014-09-26,Naylor,2,Poplar Bluff,1
2014-09-26,Lutheran North,2,Principia,13
2014-09-26,Van Buren,16,Puxico,2
2014-09-26,St. Charles,1,Raytown,9
2014-09-26,West Plains,9,Reeds Spring,6
2014-09-26,Battle,10,Reeds Spring,1
2014-09-26,Battle,0,Republic,8
2014-09-26,Iberia,7,Richland,1
2014-09-26,University City,0,Ritenour,16
2014-09-26,Marquette,9,Rockwood Summit,7
2014-09-26,Ursuline Academy,5,Rosati-Kain,9
2014-09-26,Tuscumbia,6,Russellville,11
2014-09-26,Troy Buchanan,14,Southern Boone,3
2014-09-26,Parkway North,8,St. Joseph's Academy,1
2014-09-26,Belton,3,St. Teresa's Academy,0
2014-09-26,Macks Creek,11,Westran,1
2014-09-26,Francis Howell North,2,Timberland,4
2014-09-26,McCluer North,15,Trinity Catholic,2
2014-09-26,Hazelwood Central,2,Visitation Academy,12
2014-09-26,Ft. Zumwalt North,5,Washington,1
2014-09-26,Willard,4,Waynesville,1
2014-09-26,Dadeville,8,Weaubleau,5
2014-09-26,Battle,2,West Plains,1
2014-09-27,Cassville,6,Aurora,9
2014-09-27,Kickapoo,5,Aurora,4
2014-09-27,Linn,4,Belle,2
2014-09-27,Russellville,1,Belle,10
2014-09-27,Iberia,4,Belle,0
2014-09-27,North Platte,9,Benton,7
2014-09-27,Mid-Buchanan,0,Benton,15
2014-09-27,West Platte,0,Benton,2
2014-09-27,St. Dominic,9,Blair Oaks,11
2014-09-27,Lee's Summit West,0,Blue Springs,2
2014-09-27,Hickman,3,Blue Springs,15
2014-09-27,Lee's Summit West,4,Blue Springs South,6
2014-09-27,Hickman,2,Blue Springs South,1
2014-09-27,Battle,5,Bolivar,7
2014-09-27,Milan,19,Brashear,3
2014-09-27,Knox County,15,Brashear,0
2014-09-27,Novinger,6,Brashear,12
2014-09-27,Liberty,12,Buffalo,0
2014-09-27,Hillcrest,1,Buffalo,13
2014-09-27,Logan-Rogersville,3,Camdenton,1
2014-09-27,Branson,5,Camdenton,10
2014-09-27,Reeds Spring,3,Camdenton,1
2014-09-27,Nixa,4,Cassville,0
2014-09-27,Waynesville,11,Cassville,6
2014-09-27,Monett,3,Centralia,1
2014-09-27,North Callaway,1,Centralia,5
2014-09-27,Macon,8,Centralia,9
2014-09-27,St. Pius X (Kansas City),2,Clinton,12
2014-09-27,Nevada,3,Clinton,4
2014-09-27,Savannah,2,Clinton,13
2014-09-27,St. Joseph's Academy,9,Clopton,1
2014-09-27,West Platte,10,DeKalb,1
2014-09-27,Versailles,4,Dixon,3
2014-09-27,Pilot Grove,11,Dixon,0
2014-09-27,South Nodaway,1,Dora,0
2014-09-27,Summit Christian Academy,2,Dora,13
2014-09-27,Pleasant Hope,4,Dora,5
2014-09-27,Savannah,9,East Buchanan,7
2014-09-27,DeKalb,11,East Buchanan,1
2014-09-27,Benton,15,East Buchanan,1
2014-09-27,Mid-Buchanan,2,East Buchanan,9
2014-09-27,South Nodaway,4,El Dorado Springs,1
2014-09-27,Pleasant Hope,17,El Dorado Springs,7
2014-09-27,New Bloomfield,3,Eldon,2
2014-09-27,Mark Twain,3,Eldon,8
2014-09-27,Eugene,3,Eldon,6
2014-09-27,California,0,Eugene,15
2014-09-27,Mark Twain,2,Fatima,13
2014-09-27,New Bloomfield,2,Fatima,12
2014-09-27,Parkway South,10,Francis Howell,6
2014-09-27,Troy Buchanan,11,Francis Howell,12
2014-09-27,Ft. Zumwalt West,2,Francis Howell North,1
2014-09-27,Park Hill,11,Ft. Zumwalt South,3
2014-09-27,New Bloomfield,3,Fulton,4
2014-09-27,Slater,9,Fulton,3
2014-09-27,Eugene,4,Fulton,5
2014-09-27,Battle,19,Glendale,1
2014-09-27,Branson,9,Glendale,0
2014-09-27,Excelsior Springs,10,Grandview,0
2014-09-27,Montgomery County,7,Hannibal,3
2014-09-27,Silex,2,Hannibal,7
2014-09-27,Webster Groves,15,Hazelwood Central,0
2014-09-27,Parkway Central,20,Hazelwood Central,1
2014-09-27,Nerinx Hall,8,Hazelwood Central,7
2014-09-27,Silex,4,Hermann,2
2014-09-27,Louisiana,6,Hermann,0
2014-09-27,Clopton,11,Hermann,1
2014-09-27,New Franklin,9,Holden,1
2014-09-27,Prairie Home,0,Holden,13
2014-09-27,Osage,2,Holden,6
2014-09-27,Linn,6,Iberia,2
2014-09-27,Russellville,3,Iberia,15
2014-09-27,Versailles,4,Jamestown,2
2014-09-27,Prairie Home,5,Jamestown,6
2014-09-27,Parkway South,2,Jefferson City,3
2014-09-27,Troy Buchanan,1,Jefferson City,2
2014-09-27,Hillcrest,0,Joplin,10
2014-09-27,Willard,2,Joplin,4
2014-09-27,Marshall,15,Keytesville,2
2014-09-27,Norborne,6,Keytesville,0
2014-09-27,Meadville,0,Keytesville,3
2014-09-27,Willard,1,Kickapoo,0
2014-09-27,Park Hill,2,Kirksville,3
2014-09-27,Milan,1,Knox County,15
2014-09-27,Lathrop,0,Lafayette (St. Joseph),7
2014-09-27,Savannah,1,Lafayette (St. Joseph),11
2014-09-27,DeKalb,5,Lafayette (St. Joseph),10
2014-09-27,Summit Christian Academy,10,Lamar,1
2014-09-27,Plattsburg,4,Lathrop,15
2014-09-27,North Kansas City,6,Lawson,13
2014-09-27,Grandview,2,Lawson,15
2014-09-27,Excelsior Springs,2,Lawson,4
2014-09-27,Bolivar,2,Lee's Summit North,3
2014-09-27,Republic,1,Lee's Summit North,3
2014-09-27,Waynesville,5,Liberty,9
2014-09-27,Nixa,3,Liberty,2
2014-09-27,Battle,2,Liberty North,7
2014-09-27,Russellville,1,Linn,16
2014-09-27,West Plains,5,Logan-Rogersville,18
2014-09-27,Hannibal,8,Louisiana,4
2014-09-27,Wellsville-Middletown,7,Louisiana,3
2014-09-27,Trenton,9,Macon,6
2014-09-27,Hallsville,1,Macon,3
2014-09-27,California,1,Mark Twain,5
2014-09-27,Nerinx Hall,3,Marquette,14
2014-09-27,Timberland,3,Marquette,4
2014-09-27,Webster Groves,5,Marquette,6
2014-09-27,Norborne,17,Marshall,1
2014-09-27,Polo,4,Marshall,0
2014-09-27,Polo,15,Meadville,0
2014-09-27,Richmond,15,Meadville,0
2014-09-27,Monett,4,Mexico,3
2014-09-27,Trenton,11,Mexico,2
2014-09-27,Plattsburg,6,Mid-Buchanan,7
2014-09-27,Scotland County,5,Milan,0
2014-09-27,Palmyra,0,Monett,3
2014-09-27,St. Joseph's Academy,4,Montgomery County,11
2014-09-27,O'Hara,0,Nevada,15
2014-09-27,Warrensburg,2,Nevada,4
2014-09-27,Pilot Grove,3,New Franklin,8
2014-09-27,Versailles,6,New Franklin,8
2014-09-27,Vienna,6,Newburg,5
2014-09-27,Westran,0,Newburg,12
2014-09-27,Tuscumbia,3,Newburg,7
2014-09-27,Richmond,4,Norborne,5
2014-09-27,Palmyra,3,North Callaway,4
2014-09-27,Hallsville,2,North Callaway,3
2014-09-27,St. Elizabeth,5,North Harrison,17
2014-09-27,Worth County,1,North Harrison,14
2014-09-27,Excelsior Springs,17,North Kansas City,1
2014-09-27,Grandview,13,North Kansas City,7
2014-09-27,Plattsburg,3,North Platte,20
2014-09-27,Timberland,9,Northwest (Cedar Hill),8
2014-09-27,Parkway Central,1,Northwest (Cedar Hill),8
2014-09-27,Nerinx Hall,6,Northwest (Cedar Hill),9
2014-09-27,Summit Christian Academy,2,Notre Dame de Sion,9
2014-09-27,Scotland County,25,Novinger,0
2014-09-27,Dixon,8,Osage,4
2014-09-27,Jamestown,10,Osage,11
2014-09-27,Trenton,3,Palmyra,6
2014-09-27,Rockwood Summit,13,Parkway Central,4
2014-09-27,Blair Oaks,15,Pattonville,0
2014-09-27,Prairie Home,6,Pilot Grove,10
2014-09-27,Richmond,3,Polo,1
2014-09-27,Poplar Bluff,2,Portageville,8
2014-09-27,Worth County,0,Princeton,13
2014-09-27,Republic,9,Reeds Spring,0
2014-09-27,Timberland,5,Rockwood Summit,4
2014-09-27,Webster Groves,1,Rockwood Summit,2
2014-09-27,East Carter,9,Salem,4
2014-09-27,North Platte,6,Savannah,4
2014-09-27,Plattsburg,6,Savannah,12
2014-09-27,Knox County,5,Schuyler County,0
2014-09-27,Novinger,0,Schuyler County,10
2014-09-27,Scotland County,2,Schuyler County,3
2014-09-27,Summit Christian Academy,0,South Nodaway,7
2014-09-27,St. Joseph's Academy,5,Silex,1
2014-09-27,St. Pius X (Kansas City),9,Savannah,6
2014-09-27,O'Hara,13,Savannah,14
2014-09-27,California,1,Slater,15
2014-09-27,Fatima,10,Slater,0
2014-09-27,Winston,7,St. Elizabeth,2
2014-09-27,Kirksville,4,Southern Boone,2
2014-09-27,Ft. Zumwalt South,4,Southern Boone,6
2014-09-27,Vienna,7,Westran,0
2014-09-27,Tuscumbia,8,Westran,9
2014-09-27,John F. Kennedy,13,Trinity Catholic,2
2014-09-27,Vienna,10,Tuscumbia,1
2014-09-27,Salem,10,Van Buren,6
2014-09-27,St. Pius X (Kansas City),6,Warrensburg,21
2014-09-27,O'Hara,0,Warrensburg,16
2014-09-27,Montgomery County,6,Wellsville-Middletown,1
2014-09-27,Clopton,10,Wellsville-Middletown,0
2014-09-27,Republic,12,West Plains,2
2014-09-27,Worth County,8,Winston,4
2014-09-28,McCluer,10,Riverview Gardens,9
2014-09-28,O'Hara,15,Ruskin,0
2014-09-29,Van Buren,22,Alton,0
2014-09-29,Willow Springs,6,Ava,5
2014-09-29,Centralia,2,Battle,1
2014-09-29,Herculaneum,17,Bayless,2
2014-09-29,Raytown South,0,Belton,15
2014-09-29,Mexico,0,Boonville,4
2014-09-29,Clinton,1,Buffalo,10
2014-09-29,Jamestown,13,California,4
2014-09-29,Richmond,4,Cameron,5
2014-09-29,Waynesville,16,Carnahan,12
2014-09-29,Carl Junction,5,Carthage,1
2014-09-29,Park Hill South,8,Central (St. Joseph),5
2014-09-29,Normandy Collaborative,4,Clayton,20
2014-09-29,Northeast (Cairo),11,Community,0
2014-09-29,Owensville,2,Cuba,1
2014-09-29,Webb City,5,DeSoto,7
2014-09-29,Belle,3,Dixon,14
2014-09-29,Gallatin,11,East Buchanan,2
2014-09-29,Naylor,7,East Carter,4
2014-09-29,Humansville,0,El Dorado Springs,16
2014-09-29,Oakville,0,Eureka,2
2014-09-29,Pleasant Hill,0,Excelsior Springs,1
2014-09-29,Wheatland,0,Fair Play,18
2014-09-29,Central (Park Hills),3,Farmington,4
2014-09-29,Linn,19,Father Tolton,9
2014-09-29,Eugene,1,Fatima,5
2014-09-29,New Franklin,12,Fayette,0
2014-09-29,Marquette,4,Fox,5
2014-09-29,Ft. Zumwalt North,8,Francis Howell,4
2014-09-29,Pattonville,3,Francis Howell North,7
2014-09-29,Ste. Genevieve,16,Fredericktown,6
2014-09-29,Oakville,1,Ft. Zumwalt North,0
2014-09-29,Francis Howell North,7,Ft. Zumwalt West,12
2014-09-29,Moberly,5,Fulton,1
2014-09-29,Kearney,17,Grandview,2
2014-09-29,Climax Springs,2,Halfway,17
2014-09-29,St. Pius X (Festus),13,Hancock,1
2014-09-29,Leeton,2,Hardin-Central,1
2014-09-29,Smithville,0,Harrisonville,10
2014-09-29,Dora,14,Hartville,0
2014-09-29,Hazelwood Central,19,Hazelwood East,0
2014-09-29,Walnut Grove,8,Hermitage,14
2014-09-29,Blair Oaks,5,Hickman,6
2014-09-29,Monroe City,0,Highland,15
2014-09-29,Sikeston,0,Hillsboro,10
2014-09-29,Van-Far,5,Iberia,3
2014-09-29,Lebanon,0,Joplin,10
2014-09-29,Glendale,4,Kickapoo,13
2014-09-29,Nerinx Hall,0,Kirkwood,10
2014-09-29,Warrensburg,6,Knob Noster,2
2014-09-29,Doniphan,13,Koshkonong,3
2014-09-29,Westran,10,La Plata,0
2014-09-29,Oak Grove,9,Lafayette County,3
2014-09-29,Westran,19,Laquey,6
2014-09-29,Lee's Summit,1,Lee's Summit North,2
2014-09-29,Penney,1,Lexington,4
2014-09-29,Fort Osage,4,Liberty North,7
2014-09-29,Lutheran South,16,Lutheran North,0
2014-09-29,Weaubleau,14,Macks Creek,17
2014-09-29,Clark County,1,Macon,2
2014-09-29,South Shelby,14,Madison,0
2014-09-29,Gainesville,1,Mansfield,8
2014-09-29,Van-Far,15,Marion County,3
2014-09-29,Riverview Gardens,9,McCluer,10
2014-09-29,Hazelwood West,5,McCluer North,9
2014-09-29,Lafayette (Wildwood),9,Mehlville,0
2014-09-29,Central (Cape Girardeau),19,Neelyville,5
2014-09-29,Warsaw,1,Newburg,9
2014-09-29,Schuyler County,1,Norborne,9
2014-09-29,Bishop LeBlond,10,North Andrew,0
2014-09-29,New Bloomfield,1,North Callaway,2
2014-09-29,Ste. Genevieve,7,North County,1
2014-09-29,Staley,16,North Kansas City,0
2014-09-29,DeKalb,1,North Platte,13
2014-09-29,Smithville,0,Norwood,17
2014-09-29,Summit Christian Academy,6,Notre Dame de Sion,21
2014-09-29,Lutheran St. Charles,3,Orchard Farm,13
2014-09-29,Bolivar,0,Ozark,1
2014-09-29,Washington,10,Pacific,4
2014-09-29,Canton,5,Palmyra,3
2014-09-29,Camdenton,8,Parkview,5
2014-09-29,McCluer,0,Parkway Central,15
2014-09-29,Francis Howell Central,1,Parkway North,0
2014-09-29,Northwest (Cedar Hill),0,Parkway South,10
2014-09-29,Rockwood Summit,1,Parkway West,11
2014-09-29,Albany,2,Polo,8
2014-09-29,Central (Park Hills),15,Potosi,5
2014-09-29,Tuscumbia,3,Prairie Home,4
2014-09-29,Visitation Academy,10,Principia,4
2014-09-29,Brookfield,3,Putnam County,1
2014-09-29,Blue Springs,8,Raymore-Peculiar,1
2014-09-29,Oak Park,2,Raytown,3
2014-09-29,Osage,10,Richland,0
2014-09-29,Parkway Central,2,Ritenour,10
2014-09-29,Waynesville,14,Rolla,4
2014-09-29,O'Hara,15,Ruskin,0
2014-09-29,Slater,13,Russellville,0
2014-09-29,St. Clair,0,Salem,15
2014-09-29,Milan,0,Schuyler County,2
2014-09-29,Lindbergh,0,Seckman,10
2014-09-29,Winfield,14,Silex,4
2014-09-29,Keytesville,4,Salem,3
2014-09-29,Jefferson City,15,Savannah,0
2014-09-29,Ft. Zumwalt East,5,St. Charles,2
2014-09-29,Paris,2,Worth County,12
2014-09-29,Bakersfield,2,Thayer,12
2014-09-29,St. Joseph's Academy,8,Trinity Catholic,7
2014-09-29,St. Dominic,12,Troy Buchanan,10
2014-09-29,East Prairie,2,St. Clair,17
2014-09-29,John F. Kennedy,7,Valley Park,0
2014-09-29,Rosati-Kain,7,Veritas Christian Academy,4
2014-09-29,Bowling Green,0,Warrenton,1
2014-09-29,Versailles,11,Warsaw,5
2014-09-29,McDonald County,12,Webb City,13
2014-09-29,Hillcrest,1,West Plains,3
2014-09-29,St. Joseph's Academy,5,Westminster Christian Academy,0
2014-09-29,Platte County,16,Winnetonka,0
2014-09-29,South Nodaway,14,Worth County,11
2014-09-29,Hermann,0,Wright City,5
2014-09-30,Mehlville,5,Affton,9
2014-09-30,Maysville,16,Albany,1
2014-09-30,East Newton,9,Aurora,7
2014-09-30,Liberty (Wentzville),3,Battle,9
2014-09-30,Winnetonka,0,Belton,15
2014-09-30,Lafayette (St. Joseph),3,Benton,10
2014-09-30,Madison,11,Bevier,17
2014-09-30,Veritas Christian Academy,1,Bishop DuBourg,15
2014-09-30,Southern Boone,5,Blair Oaks,7
2014-09-30,Lee's Summit North,0,Blue Springs,9
2014-09-30,Hollister,0,Bolivar,15
2014-09-30,Fulton,1,Boonville,8
2014-09-30,New Haven,21,Bourbon,6
2014-09-30,Clopton,0,Bowling Green,7
2014-09-30,Kickapoo,13,Branson,4
2014-09-30,Marion County,7,Brashear,4
2014-09-30,Polo,15,Braymer,4
2014-09-30,Hancock,24,Brentwood,2
2014-09-30,Lexington,0,Carrollton,5
2014-09-30,St. Clair,0,Chaffee,8
2014-09-30,Knox County,9,Clark County,3
2014-09-30,Warsaw,1,Clinton,11
2014-09-30,Richland,1,Cuba,11
2014-09-30,Wheatland,9,Dadeville,22
2014-09-30,Jefferson (Festus),0,DeSoto,9
2014-09-30,Crocker,6,Dixon,1
2014-09-30,Naylor,18,Doniphan,3
2014-09-30,Liberty (Mountain View),0,Dora,11
2014-09-30,St. Dominic,7,Duchesne,4
2014-09-30,Penney,8,East Buchanan,1
2014-09-30,Eldon,8,Eugene,1
2014-09-30,Oak Grove,2,Excelsior Springs,3
2014-09-30,Ste. Genevieve,2,Farmington,13
2014-09-30,Salem,1,Fayette,11
2014-09-30,Potosi,22,Fredericktown,11
2014-09-30,Francis Howell North,7,Ft. Zumwalt West,12
2014-09-30,Winston,7,Gilman City,2
2014-09-30,Grain Valley,4,Harrisonville,9
2014-09-30,Incarnate Word Academy,1,Hazelwood Central,4
2014-09-30,McCluer,18,Hazelwood East,2
2014-09-30,Ft. Zumwalt East,12,Hazelwood West,9
2014-09-30,South Shelby,4,Highland,5
2014-09-30,Ozark,15,Hillcrest,0
2014-09-30,Washington,3,Holt,13
2014-09-30,Thayer,0,Houston,14
2014-09-30,Fair Play,22,Humansville,1
2014-09-30,Carthage,1,Joplin,2
2014-09-30,Brunswick,0,Keytesville,16
2014-09-30,Moberly,4,Kirksville,5
2014-09-30,Lafayette County,8,Knob Noster,6
2014-09-30,Ursuline Academy,5,Ladue Horton Watkins,0
2014-09-30,Francis Howell Central,0,Lafayette (Wildwood),4
2014-09-30,Seneca,12,Lamar,0
2014-09-30,Blue Springs South,4,Lee's Summit,3
2014-09-30,St. Charles,2,Liberty,11
2014-09-30,New Bloomfield,5,Linn,10
2014-09-30,Marshfield,2,Logan-Rogersville,5
2014-09-30,Notre Dame (St. Louis),4,Lutheran South,9
2014-09-30,St. Charles,0,Lutheran St. Charles,10
2014-09-30,Halfway,14,Macks Creek,12
2014-09-30,Ava,2,Mansfield,9
2014-09-30,Brookfield,19,Marceline,8
2014-09-30,Pleasant Hope,9,Marion C. Early,4
2014-09-30,North Callaway,13,Mark Twain,0
2014-09-30,University City,16,McCluer South-Berkeley,28
2014-09-30,La Plata,17,Meadville,4
2014-09-30,Valley Park,17,Metro,4
2014-09-30,Linn County,3,Milan,4
2014-09-30,Louisiana,3,Monroe City,1
2014-09-30,Elsberry,2,Montgomery County,4
2014-09-30,Salem,14,Newburg,9
2014-09-30,Hazelwood East,15,Normandy Collaborative,16
2014-09-30,Central (Park Hills),6,North County,3
2014-09-30,Grundy County,1,North Harrison,5
2014-09-30,Liberty North,14,North Kansas City,2
2014-09-30,Lawson,5,North Platte,6
2014-09-30,Helias Catholic,2,Northeast (Cairo),6
2014-09-30,Bakersfield,0,Norwood,12
2014-09-30,Schuyler County,16,Novinger,2
2014-09-30,William Chrisman,4,Oak Park,5
2014-09-30,Kirkwood,5,Oakville,1
2014-09-30,California,3,Osage,15
2014-09-30,St. James,17,Owensville,3
2014-09-30,Raytown South,1,Park Hill South,16
2014-09-30,Walnut Grove,3,Parkview,7
2014-09-30,Marion C. Early,0,Parkview,1
2014-09-30,McCluer,0,Parkway Central,15
2014-09-30,McCluer North,0,Parkway North,10
2014-09-30,Jackson,1,Parkway South,2
2014-09-30,Webster Groves,2,Parkway West,5
2014-09-30,Prairie Home,8,Pilot Grove,13
2014-09-30,Kearney,4,Platte County,1
2014-09-30,Lathrop,13,Plattsburg,2
2014-09-30,Odessa,1,Pleasant Hill,16
2014-09-30,St. Pius X (Festus),16,Principia,4
2014-09-30,Lee's Summit West,0,Raymore-Peculiar,1
2014-09-30,Buffalo,2,Reeds Spring,5
2014-09-30,Holden,3,Richmond,4
2014-09-30,Washington,3,Rockwood Summit,6
2014-09-30,Glendale,2,Rolla,6
2014-09-30,Park Hill,15,Ruskin,0
2014-09-30,Harrisburg,1,Schuyler County,16
2014-09-30,Maryville,1,Savannah,11
2014-09-30,North Shelby,0,Scotland County,15
2014-09-30,Central (Springfield),6,Smithville,0
2014-09-30,East Carter,5,Sikeston,6
2014-09-30,Wellsville-Middletown,1,Silex,11
2014-09-30,Northwestern (Mendon),0,Thayer,15
2014-09-30,Russellville,1,Van-Far,14
2014-09-30,Cor Jesu Academy,1,St. Joseph's Academy,3
2014-09-30,Grandview,15,St. Pius X (Kansas City),0
2014-09-30,Raytown,1,Staley,11
2014-09-30,St. Elizabeth,0,Vienna,15
2014-09-30,Vienna,12,Westran,2
2014-09-30,Ft. Zumwalt North,6,Timberland,3
2014-09-30,Orchard Farm,11,Trinity Catholic,3
2014-09-30,Holt,6,Troy Buchanan,13
2014-09-30,St. Joseph's Academy,2,Union,3
2014-09-30,St. Teresa's Academy,10,Warrensburg,4
2014-09-30,Walnut Grove,12,Weaubleau,10
2014-09-30,Camdenton,5,West Plains,1
2014-09-30,Visitation Academy,2,Westminster Christian Academy,12
2014-09-30,Paris,0,Westran,10
2014-09-30,Koshkonong,5,Willow Springs,15
2014-09-30,Festus,5,Windsor (Imperial),12
2014-09-30,Van Buren,4,Winona,1
2014-09-30,Princeton,5,Worth County,2
2014-09-30,Van-Far,4,Wright City,5
2014-10-01,Webb City,1,Affton,5
2014-10-01,Bevier,1,Atlanta,11
2014-10-01,John F. Kennedy,20,Bayless,2
2014-10-01,Richland,24,Bourbon,11
2014-10-01,Webb City,4,Carthage,10
2014-10-01,Van-Far,3,Clopton,13
2014-10-01,Westminster Christian Academy,0,Cor Jesu Academy,10
2014-10-01,Vienna,6,Cuba,7
2014-10-01,Jefferson (Festus),0,Festus,1
2014-10-01,Ft. Zumwalt South,3,Francis Howell Central,7
2014-10-01,Parkway North,5,Ft. Zumwalt West,7
2014-10-01,McCluer North,11,Hazelwood Central,10
2014-10-01,Riverview Gardens,0,Hazelwood West,10
2014-10-01,Oakville,9,Hillsboro,1
2014-10-01,Washington,3,Holt,13
2014-10-01,Carl Junction,11,Joplin,12
2014-10-01,Thayer,13,Koshkonong,0
2014-10-01,Visitation Academy,17,Ladue Horton Watkins,1
2014-10-01,Lutheran North,0,Lutheran St. Charles,17
2014-10-01,Hazelwood East,2,McCluer,18
2014-10-01,Miller Career Academy,4,Metro,19
2014-10-01,St. Clair,2,Montgomery County,12
2014-10-01,Parkway West,9,Nerinx Hall,6
2014-10-01,Houston,15,Newburg,16
2014-10-01,Kelly,20,Oran,0
2014-10-01,Ursuline Academy,3,Orchard Farm,12
2014-10-01,DeSoto,5,Pacific,2
2014-10-01,Ruskin,0,Park Hill South,16
2014-10-01,Lindbergh,7,Pattonville,1
2014-10-01,Notre Dame (Cape Girardeau),14,Perryville,2
2014-10-01,Parkview,0,Seneca,10
2014-10-01,Timberland,1,St. Dominic,11
2014-10-01,Mehlville,3,St. Pius X (Festus),6
2014-10-01,William Chrisman,2,St. Teresa's Academy,0
2014-10-01,St. James,4,Warsaw,2
2014-10-01,Veritas Christian Academy,4,Trinity Catholic,10
2014-10-01,Notre Dame (St. Louis),16,Valley Park,5
2014-10-01,Fox,3,Webster Groves,10
2014-10-01,Hancock,0,Windsor (Imperial),15
2014-10-02,Gainesville,6,Bakersfield,4
2014-10-02,Branson,7,Buffalo,8
2014-10-02,Central (Cape Girardeau),6,Chaffee,3
2014-10-02,Portageville,17,East Prairie,2
2014-10-02,California,1,Hallsville,11
2014-10-02,Carrollton,0,Holden,0
2014-10-02,Laquey,9,Humansville,10
2014-10-02,Alton,8,Koshkonong,11
2014-10-02,Cassville,15,Lamar,3
2014-10-02,William Chrisman,0,Liberty North,10
2014-10-02,Hillcrest,6,Logan-Rogersville,14
2014-10-02,Eureka,5,Marquette,4
2014-10-02,Polo,4,Maysville,1
2014-10-02,East Buchanan,5,Mid-Buchanan,7
2014-10-02,Webb City,4,Nevada,9
2014-10-02,Lindbergh,15,Northwest (Cedar Hill),4
2014-10-02,Grain Valley,8,Oak Grove,5
2014-10-02,North Platte,0,Penney,3
2014-10-02,Belton,4,Platte County,3
2014-10-02,St. Clair,3,Poplar Bluff,7
2014-10-02,Lee's Summit West,0,Raymore-Peculiar,1
2014-10-02,Hollister,2,Reeds Spring,13
2014-10-02,Ft. Zumwalt North,2,St. Dominic,10
2014-10-02,Wheatland,0,Weaubleau,15
2014-10-02,Doniphan,9,Winona,12
2014-10-02,Wellsville-Middletown,11,Wright City,12
2014-10-03,Koshkonong,4,Bakersfield,3
2014-10-03,Crocker,2,Belle,0
2014-10-03,Pacific,10,Belle,4
2014-10-03,Jefferson City,2,Belton,9
2014-10-03,Carthage,2,Belton,13
2014-10-03,Waynesville,1,Buffalo,0
2014-10-03,Owensville,8,Buffalo,1
2014-10-03,Ozark,9,Carl Junction,1
2014-10-03,Joplin,7,Carl Junction,9
2014-10-03,Smithville,7,Carthage,9
2014-10-03,Waynesville,13,Cleveland NJROTC,14
2014-10-03,Pacific,1,Crocker,5
2014-10-03,Puxico,0,Dora,12
2014-10-03,Veritas Christian Academy,8,Duchesne,13
2014-10-03,Hartville,9,Gainesville,8
2014-10-03,St. Joseph's Academy,3,Helias Catholic,5
2014-10-03,Father Tolton,0,Helias Catholic,10
2014-10-03,Wheatland,2,Hermitage,12
2014-10-03,Smithville,0,Jefferson City,13
2014-10-03,Republic,5,Joplin,3
2014-10-03,Fair Play,8,Marion C. Early,9
2014-10-03,Rolla,6,Marshfield,8
2014-10-03,Salem,2,Marshfield,9
2014-10-03,Pleasant Hope,0,McDonald County,6
2014-10-03,Platte County,6,McDonald County,0
2014-10-03,Kearney,0,Monett,4
2014-10-03,Webb City,0,Monett,8
2014-10-03,Notre Dame (Cape Girardeau),4,Neelyville,2
2014-10-03,Van-Far,7,New Bloomfield,4
2014-10-03,Kelly,15,Notre Dame (Cape Girardeau),4
2014-10-03,Grain Valley,8,Oak Grove,5
2014-10-03,Webb City,8,Oak Park,4
2014-10-03,Kearney,6,Oak Park,0
2014-10-03,Portageville,7,Oran,0
2014-10-03,Waynesville,3,Owensville,4
2014-10-03,Republic,2,Ozark,7
2014-10-03,Webb City,1,Rockwood Summit,12
2014-10-03,Norwood,0,Rockwood Summit,11
2014-10-03,Rolla,5,Salem,6
2014-10-03,Parkview,18,Smithville,3
2014-10-03,Father Tolton,5,St. Joseph's Academy,4
2014-10-03,Newburg,11,Westran,0
2014-10-03,Norwood,3,Webb City,4
2014-10-03,Naylor,5,St. Clair,0
2014-10-03,Winona,3,Van Buren,8
2014-10-03,Weaubleau,15,Wheatland,0
2014-10-04,Norwood,3,Belle,0
2014-10-04,Platte County,4,Belton,3
2014-10-04,Ozark,8,Belton,4
2014-10-04,Marceline,1,Benton,14
2014-10-04,Bishop LeBlond,0,Benton,15
2014-10-04,St. Teresa's Academy,0,Bishop LeBlond,18
2014-10-04,Ft. Zumwalt North,4,Bowling Green,3
2014-10-04,Aurora,12,Branson,10
2014-10-04,Belle,2,Buffalo,4
2014-10-04,Rolla,4,Buffalo,7
2014-10-04,Dixon,10,Camdenton,9
2014-10-04,Mid-Buchanan,1,Cameron,13
2014-10-04,Notre Dame de Sion,0,Cameron,8
2014-10-04,Bishop LeBlond,4,Cameron,2
2014-10-04,Republic,8,Carl Junction,6
2014-10-04,Kearney,4,Carl Junction,6
2014-10-04,Carthage,4,Carl Junction,9
2014-10-04,McDonald County,8,Carthage,0
2014-10-04,Van Buren,0,Dora,7
2014-10-04,Naylor,0,Dora,3
2014-10-04,Father Tolton,5,Fatima,15
2014-10-04,St. Joseph's Academy,1,Fatima,12
2014-10-04,Helias Catholic,5,Fatima,4
2014-10-04,Francis Howell,5,Ft. Zumwalt West,2
2014-10-04,St. Teresa's Academy,3,Gallatin,2
2014-10-04,Grain Valley,7,Gallatin,3
2014-10-04,Marceline,1,Gallatin,3
2014-10-04,Mid-Buchanan,0,Grain Valley,16
2014-10-04,Notre Dame de Sion,11,Grain Valley,6
2014-10-04,Park Hill South,2,Harrisonville,1
2014-10-04,Benton,8,Harrisonville,5
2014-10-04,Notre Dame de Sion,2,Harrisonville,15
2014-10-04,Maysville,3,Harrisonville,14
2014-10-04,Webb City,8,Jefferson City,7
2014-10-04,Republic,4,Jefferson City,2
2014-10-04,Oak Park,3,Joplin,5
2014-10-04,Pleasant Hope,7,Joplin,10
2014-10-04,Highland,4,Knox County,2
2014-10-04,Park Hill South,8,Lafayette (St. Joseph),9
2014-10-04,Benton,10,Lafayette (St. Joseph),4
2014-10-04,Putnam County,0,Lafayette (St. Joseph),8
2014-10-04,Maysville,9,Marceline,10
2014-10-04,Owensville,1,Marshfield,11
2014-10-04,Rockwood Summit,1,Marshfield,0
2014-10-04,Park Hill South,15,Maryville,0
2014-10-04,Mid-Buchanan,18,Maryville,4
2014-10-04,Putnam County,13,Maryville,2
2014-10-04,Maysville,7,Maryville,4
2014-10-04,Webb City,7,McDonald County,3
2014-10-04,Kearney,2,McDonald County,1
2014-10-04,Ozark,2,Monett,3
2014-10-04,Platte County,11,Monett,1
2014-10-04,Winona,17,Neelyville,15
2014-10-04,St. Teresa's Academy,18,Notre Dame de Sion,1
2014-10-04,Central (Cape Girardeau),2,Oran,1
2014-10-04,Crocker,5,Owensville,4
2014-10-04,St. Teresa's Academy,1,Park Hill South,4
2014-10-04,Smithville,4,Pleasant Hope,5
2014-10-04,Marceline,0,Putnam County,14
2014-10-04,Grain Valley,1,Putnam County,2
2014-10-04,Winona,8,Puxico,3
2014-10-04,Crocker,3,Rockwood Summit,7
2014-10-04,Webb City,1,Salem,11
2014-10-04,Waynesville,9,Salem,2
2014-10-04,Bishop LeBlond,6,Schuyler County,1
2014-10-04,Mid-Buchanan,3,Schuyler County,10
2014-10-04,Gallatin,9,Schuyler County,6
2014-10-04,Maysville,5,Schuyler County,9
2014-10-04,Father Tolton,5,St. Joseph's Academy,4
2014-10-04,Pacific,6,Webb City,7
2014-10-04,Neelyville,8,St. Clair,6
2014-10-04,Puxico,1,St. Clair,14
2014-10-04,Pacific,1,Waynesville,4
2014-10-05,McCluer North,13,McCluer,0
2014-10-06,El Dorado Springs,3,Aurora,10
2014-10-06,West Plains,10,Ava,0
2014-10-06,Brentwood,5,Bayless,17
2014-10-06,Brunswick,3,Bevier,18
2014-10-06,Rosati-Kain,1,Bishop DuBourg,4
2014-10-06,North Callaway,1,Bowling Green,2
2014-10-06,Bolivar,5,Branson,3
2014-10-06,Knox County,5,Canton,0
2014-10-06,Lamar,0,Carl Junction,15
2014-10-06,Fredericktown,0,Central (Cape Girardeau),10
2014-10-06,Trenton,1,Chillicothe,3
2014-10-06,Central (Springfield),24,Climax Springs,3
2014-10-06,Holden,3,Clinton,8
2014-10-06,Farmington,3,DeSoto,4
2014-10-06,Veritas Christian Academy,8,Duchesne,13
2014-10-06,Poplar Bluff,3,East Carter,0
2014-10-06,Monett,5,East Newton,2
2014-10-06,Battle,8,Eldon,1
2014-10-06,Russellville,1,Eugene,16
2014-10-06,Lindbergh,1,Eureka,2
2014-10-06,St. Clair,0,Festus,15
2014-10-06,Staley,16,Fort Osage,1
2014-10-06,Lafayette (Wildwood),9,Fox,7
2014-10-06,Smithville,1,Gainesville,12
2014-10-06,Savannah,0,Grain Valley,17
2014-10-06,Gilman City,7,Grundy County,9
2014-10-06,Wheatland,3,Halfway,18
2014-10-06,Versailles,1,Hallsville,10
2014-10-06,Palmyra,4,Hannibal,3
2014-10-06,Braymer,2,Hardin-Central,3
2014-10-06,Oak Grove,0,Harrisonville,5
2014-10-06,Hazelwood Central,0,Hazelwood West,12
2014-10-06,Potosi,8,Herculaneum,7
2014-10-06,Warrenton,10,Hermann,0
2014-10-06,New Franklin,0,Hickman,5
2014-10-06,Lebanon,10,Hillcrest,8
2014-10-06,Parkview,0,Hollister,10
2014-10-06,Francis Howell Central,0,Holt,7
2014-10-06,Bakersfield,1,Houston,11
2014-10-06,Willow Springs,10,Houston,12
2014-10-06,Hancock,0,Jefferson (Festus),12
2014-10-06,Helias Catholic,4,Jefferson City,8
2014-10-06,Waynesville,3,Joplin,5
2014-10-06,Raytown South,0,Kearney,13
2014-10-06,Jackson,10,Kelly,3
2014-10-06,Parkway Central,2,Kirkwood,12
2014-10-06,Richmond,4,Knob Noster,3
2014-10-06,Brashear,5,La Plata,10
2014-10-06,Affton,10,Ladue Horton Watkins,0
2014-10-06,Lexington,7,Lafayette County,5
2014-10-06,Iberia,13,Laquey,0
2014-10-06,Blue Springs,7,Lee's Summit,1
2014-10-06,Cameron,4,Liberty,6
2014-10-06,Salem,14,Liberty (Mountain View),8
2014-10-06,William Chrisman,0,Liberty North,10
2014-10-06,Brookfield,1,Louisiana,2
2014-10-06,Trinity Catholic,9,Lutheran St. Charles,10
2014-10-06,Marceline,3,Macon,8
2014-10-06,Fayette,11,Madison,1
2014-10-06,Hartville,3,Mansfield,18
2014-10-06,Weaubleau,11,Marion C. Early,22
2014-10-06,North Shelby,6,Marion County,12
2014-10-06,Willard,4,Marshfield,1
2014-10-06,McCluer,0,McCluer North,13
2014-10-06,Nixa,1,McDonald County,2
2014-10-06,Oakville,14,Mehlville,3
2014-10-06,Lutheran North,25,Metro,18
2014-10-06,Marshall,1,Moberly,16
2014-10-06,Westran,4,Monroe City,3
2014-10-06,Mexico,9,Montgomery County,0
2014-10-06,Sikeston,7,Naylor,5
2014-10-06,Webb City,4,Nevada,9
2014-10-06,Linn,5,New Haven,0
2014-10-06,Cuba,3,Newburg,6
2014-10-06,Thayer,1,Norborne,11
2014-10-06,McCluer South-Berkeley,15,Normandy Collaborative,1
2014-10-06,Keytesville,2,Northwestern (Mendon),1
2014-10-06,Oran,2,Notre Dame (Cape Girardeau),4
2014-10-06,Principia,0,Orchard Farm,15
2014-10-06,Southern Boone,1,Osage,0
2014-10-06,Ritenour,1,Parkway North,7
2014-10-06,Marquette,0,Parkway South,10
2014-10-06,Lutheran South,15,Parkway West,3
2014-10-06,North Platte,0,Penney,3
2014-10-06,Salem,0,Pilot Grove,7
2014-10-06,Belton,4,Platte County,3
2014-10-06,Maysville,10,Plattsburg,4
2014-10-06,Carthage,2,Pleasant Hope,8
2014-10-06,Jamestown,12,Prairie Home,2
2014-10-06,Milan,2,Putnam County,15
2014-10-06,Portageville,10,Puxico,0
2014-10-06,Lee's Summit North,3,Raymore-Peculiar,4
2014-10-06,North Kansas City,0,Raytown,15
2014-10-06,Logan-Rogersville,2,Republic,8
2014-10-06,Westran,15,Richland,1
2014-10-06,Hazelwood East,0,Riverview Gardens,16
2014-10-06,Worth County,1,Schuyler County,6
2014-10-06,DeKalb,2,Savannah,1
2014-10-06,Schuyler County,7,Scotland County,3
2014-10-06,Pleasant Hill,10,Smithville,1
2014-10-06,Father Tolton,3,Slater,2
2014-10-06,Ft. Zumwalt North,2,St. Dominic,10
2014-10-06,Owensville,1,St. Joseph's Academy,2
2014-10-06,Central (Park Hills),11,St. Pius X (Festus),3
2014-10-06,Lawson,11,St. Pius X (Kansas City),1
2014-10-06,South Nodaway,4,Vienna,9
2014-10-06,Hillsboro,4,Ste. Genevieve,5
2014-10-06,Alton,1,Thayer,11
2014-10-06,Francis Howell,1,Timberland,2
2014-10-06,Ft. Zumwalt South,3,Troy Buchanan,13
2014-10-06,William Chrisman,5,St. Charles,1
2014-10-06,Van Buren,6,St. Clair,5
2014-10-06,Mark Twain,8,Van-Far,5
2014-10-06,Macks Creek,9,Walnut Grove,6
2014-10-06,Odessa,4,Warrensburg,15
2014-10-06,Blair Oaks,18,Warsaw,0
2014-10-06,Union,1,Washington,14
2014-10-06,Cor Jesu Academy,2,Webster Groves,4
2014-10-06,Ursuline Academy,6,Westminster Christian Academy,7
2014-10-06,Elsberry,3,Winfield,12
2014-10-06,Princeton,1,Winston,0
2014-10-06,North Andrew,15,Worth County,1
2014-10-07,Highland,5,Canton,0
2014-10-07,East Prairie,1,Chaffee,16
2014-10-07,Linn,3,Eugene,7
2014-10-07,Glasgow,5,Fayette,6
2014-10-07,Ft. Zumwalt East,13,Ft. Zumwalt South,7
2014-10-07,Waynesville,7,Glendale,2
2014-10-07,Humansville,0,Halfway,15
2014-10-07,California,1,Hallsville,11
2014-10-07,Palmyra,4,Hannibal,3
2014-10-07,California,2,Harrisburg,12
2014-10-07,Dadeville,6,Hermitage,8
2014-10-07,Knob Noster,0,Holden,4
2014-10-07,Ft. Zumwalt North,2,Holt,4
2014-10-07,Joplin,3,Kickapoo,1
2014-10-07,Atlanta,20,La Plata,7
2014-10-07,Plattsburg,1,Lawson,16
2014-10-07,Paris,6,Marion County,9
2014-10-07,Fox,11,Mehlville,3
2014-10-07,Poplar Bluff,3,Neelyville,9
2014-10-07,Macon,4,Northeast (Cairo),6
2014-10-07,Harrisonville,6,Odessa,3
2014-10-07,Ava,4,Parkview,14
2014-10-07,Lafayette (Wildwood),3,Parkway South,8
2014-10-07,St. Joseph's Academy,0,St. Dominic,10
2014-10-07,Francis Howell North,2,Troy Buchanan,17
2014-10-07,Iberia,15,Tuscumbia,5
2014-10-07,Francis Howell Central,3,Warrenton,11
2014-10-07,Savannah,5,Warsaw,6
2014-10-07,Dadeville,16,Wheatland,0
2014-10-08,Winona,1,Oran,14
2014-10-08,Dora,26,Bakersfield,0
2014-10-08,Thayer,7,Norwood,6
2014-10-08,Koshkonong,3,Bakersfield,10
2014-10-08,Westran,8,Tuscumbia,11
2014-10-08,Wellsville-Middletown,8,New Haven,2
2014-10-08,Van-Far,4,Community,2
2014-10-08,Weaubleau,10,Dadeville,2
2014-10-08,Walnut Grove,17,Humansville,2
2014-10-08,Hermitage,7,Wheatland,2
2014-10-08,Macks Creek,15,Climax Springs,0
2014-10-08,Thayer,9,Hardin-Central,2
2014-10-08,Northwestern (Mendon),12,Brunswick,2
2014-10-08,Fayette,13,Glasgow,3
2014-10-08,Jamestown,5,Prairie Home,1
2014-10-08,Harrisburg,12,Higbee,0
2014-10-08,Paris,17,Madison,20
2014-10-08,La Plata,5,North Shelby,6
2014-10-08,Schuyler County,10,Brashear,0
2014-10-08,Scotland County,16,Novinger,1
2014-10-08,Grundy County,9,Gilman City,3
2014-10-08,Meadville,15,Tri-County,0
2014-10-08,Maysville,17,Winston,2
2014-10-08,Albany,11,Worth County,7
2014-10-08,North Andrew,12,Northeast Nodaway,2
2014-10-08,Kelly,12,Puxico,1
2014-10-08,St. Clair,0,Puxico,4
2014-10-08,Hancock,11,Herculaneum,9
2014-10-08,Valley Park,17,Carnahan,1
2014-10-08,Lutheran North,22,Cleveland NJROTC,1
2014-10-08,Metro,15,Brentwood,0
2014-10-08,Trinity Catholic,12,Elsberry,2
2014-10-08,Wright City,7,Lutheran St. Charles,8
2014-10-08,Vienna,17,Warsaw,7
2014-10-08,Dixon,21,Bourbon,1
2014-10-08,Richland,4,Lamar,9
2014-10-08,Marion C. Early,14,Laquey,0
2014-10-08,Ava,20,Smithville,5
2014-10-08,Houston,16,Liberty (Mountain View),6
2014-10-08,Willow Springs,16,Alton,0
2014-10-08,Warsaw,9,Russellville,5
2014-10-08,Versailles,11,California,1
2014-10-08,New Bloomfield,5,Belle,0
2014-10-08,Slater,9,Hermann,0
2014-10-08,Hallsville,12,Montgomery County,2
2014-10-08,North Callaway,14,Father Tolton,4
2014-10-08,Monroe City,3,Clark County,4
2014-10-08,South Shelby,11,Mark Twain,1
2014-10-08,Lafayette County,11,Knob Noster,2
2014-10-08,Lexington,10,Summit Christian Academy,0
2014-10-08,Plattsburg,8,East Buchanan,6
2014-10-08,West Platte,13,Mid-Buchanan,1
2014-10-08,Lathrop,8,Carrollton,7
2014-10-08,Marceline,12,Milan,3
2014-10-08,Putnam County,16,St. Elizabeth,1
2014-10-08,Perryville,12,Fredericktown,1
2014-10-08,Sikeston,5,Doniphan,4
2014-10-08,Festus,0,North County,2
2014-10-08,Central (Park Hills),10,Potosi,0
2014-10-08,Affton,3,Bishop DuBourg,2
2014-10-08,Pacific,21,Bayless,0
2014-10-08,Roosevelt,21,Soldan International Studies,6
2014-10-08,Waynesville,15,Miller Career Academy,24
2014-10-08,McCluer South-Berkeley,17,Normandy Collaborative,7
2014-10-08,St. Charles,6,Visitation Academy,3
2014-10-08,St. Joseph's Academy,9,Liberty (Wentzville),8
2014-10-08,Winfield,15,Veritas Christian Academy,1
2014-10-08,Moberly,1,Kirksville,7
2014-10-08,Hannibal,7,Fulton,13
2014-10-08,St. James,12,Owensville,3
2014-10-08,Webb City,11,St. Clair,1
2014-10-08,Helias Catholic,8,Osage,4
2014-10-08,Southern Boone,10,Buffalo,2
2014-10-08,Reeds Spring,6,Hillcrest,11
2014-10-08,Marshfield,13,Hollister,0
2014-10-08,East Newton,11,Aurora,5
2014-10-08,Carl Junction,10,Cassville,0
2014-10-08,Nevada,3,Warrensburg,0
2014-10-08,Odessa,10,Marshall,11
2014-10-08,Smithville,10,St. Pius X (Kansas City),0
2014-10-08,Richmond,15,O'Hara,0
2014-10-08,Benton,3,Chillicothe,0
2014-10-08,Cameron,6,Lafayette (St. Joseph),0
2014-10-08,Chillicothe,7,Savannah,6
2014-10-08,Lafayette (St. Joseph),10,Maryville,0
2014-10-08,Hillsboro,7,Poplar Bluff,2
2014-10-08,Jackson,0,Central (Cape Girardeau),4
2014-10-08,Cor Jesu Academy,9,Lindbergh,0
2014-10-08,Rockwood Summit,12,Mehlville,1
2014-10-08,Nerinx Hall,4,Ursuline Academy,7
2014-10-08,Kirkwood,16,Gateway,0
2014-10-08,Northwest (Cedar Hill),11,Rolla,3
2014-10-08,Hazelwood Central,5,McCluer,4
2014-10-08,Hazelwood West,15,Hazelwood East,0
2014-10-08,St. Joseph's Academy,9,Parkway Central,2
2014-10-08,Parkway North,14,Ladue Horton Watkins,1
2014-10-08,Ft. Zumwalt South,4,Francis Howell North,9
2014-10-08,Ft. Zumwalt East,6,Pattonville,5
2014-10-08,Timberland,3,Ft. Zumwalt West,2
2014-10-08,Blue Springs South,15,Savannah,0
2014-10-08,Camdenton,8,Lebanon,3
2014-10-08,Willard,3,Central (Springfield),0
2014-10-08,Branson,13,Parkview,3
2014-10-08,Kickapoo,11,Glendale,6
2014-10-08,McDonald County,0,Carthage,3
2014-10-08,Notre Dame de Sion,18,Grandview,3
2014-10-08,St. Teresa's Academy,16,Ruskin,0
2014-10-08,Lee's Summit,5,Raytown,0
2014-10-08,Lee's Summit North,4,Lee's Summit West,0
2014-10-08,Raytown,8,St. Charles,7
2014-10-08,Lee's Summit West,8,Raytown South,1
2014-10-08,William Chrisman,1,Fort Osage,5
2014-10-08,Kearney,11,Winnetonka,1
2014-10-08,Park Hill,8,Oak Park,4
2014-10-08,Central (St. Joseph),12,North Kansas City,2
2014-10-09,Naylor,5,Oran,0
2014-10-09,Van Buren,0,Chaffee,2
2014-10-09,Atlanta,1,North Shelby,9
2014-10-09,Knox County,4,Schuyler County,3
2014-10-09,Canton,11,Scotland County,6
2014-10-09,North Harrison,8,Albany,0
2014-10-09,Vienna,10,South Nodaway,0
2014-10-09,Kelly,0,Portageville,2
2014-10-09,Highland,7,Clark County,2
2014-10-09,Palmyra,1,South Shelby,0
2014-10-09,Trenton,4,Marceline,2
2014-10-09,Brookfield,4,Putnam County,3
2014-10-09,Notre Dame (Cape Girardeau),7,Perryville,0
2014-10-09,Ste. Genevieve,0,Sikeston,4
2014-10-09,Westminster Christian Academy,5,St. Charles,2
2014-10-09,Duchesne,10,Orchard Farm,2
2014-10-09,Logan-Rogersville,0,Marshfield,1
2014-10-09,Logan-Rogersville,11,Hillcrest,2
2014-10-09,West Plains,5,Marshfield,10
2014-10-09,Monett,10,Seneca,0
2014-10-09,Monett,6,East Newton,0
2014-10-09,Seneca,8,Carl Junction,0
2014-10-09,Seckman,10,Hillsboro,6
2014-10-09,Hickman,3,Blue Springs South,2
2014-10-09,Glendale,5,Central (Springfield),6
2014-10-10,Schuyler County,13,Northwestern (Mendon),1
2014-10-10,Keytesville,2,Salem,0
2014-10-10,New Franklin,9,Fayette,1
2014-10-10,Pilot Grove,6,Jamestown,11
2014-10-10,Northeast (Cairo),11,Harrisburg,1
2014-10-10,Worth County,11,Madison,2
2014-10-10,Green City,12,Grundy County,2
2014-10-10,Linn County,8,Meadville,5
2014-10-10,Bowling Green,3,Trinity Catholic,0
2014-10-10,Louisiana,3,Lutheran St. Charles,0
2014-10-10,Gallatin,2,Lathrop,6
2014-10-10,Penney,6,Lawson,5
2014-10-10,Westminster Christian Academy,17,Duchesne,13
2014-10-10,Mexico,2,Kirksville,0
2014-10-10,Macon,5,Fulton,10
2014-10-10,Blue Springs,3,Hickman,2
2014-10-11,Clopton,0,Silex,3
2014-10-11,Clopton,13,Wellsville-Middletown,0
2014-10-11,Silex,10,Van-Far,0
2014-10-11,Fair Play,7,Weaubleau,4
2014-10-11,Halfway,6,Walnut Grove,7
2014-10-11,Leeton,1,Hermitage,4
2014-10-11,Norborne,10,Thayer,0
2014-10-11,Polo,2,Braymer,1
2014-10-11,Schuyler County,11,Keytesville,2
2014-10-11,New Franklin,4,Jamestown,5
2014-10-11,Northeast (Cairo),2,Worth County,7
2014-10-11,Knox County,2,Canton,3
2014-10-11,Green City,7,Linn County,0
2014-10-11,DeKalb,8,Maysville,6
2014-10-11,North Harrison,5,Princeton,4
2014-10-11,Jefferson (Festus),11,Hancock,3
2014-10-11,St. Pius X (Festus),10,Valley Park,0
2014-10-11,Bowling Green,2,Louisiana,1
2014-10-11,Iberia,4,Dixon,2
2014-10-11,Iberia,9,Vienna,1
2014-10-11,Cuba,1,Dixon,7
2014-10-11,Pleasant Hope,10,Lamar,0
2014-10-11,El Dorado Springs,1,Marion C. Early,7
2014-10-11,Fatima,7,Slater,4
2014-10-11,Fatima,6,New Bloomfield,1
2014-10-11,Linn,2,Slater,7
2014-10-11,Centralia,3,North Callaway,0
2014-10-11,Centralia,14,Hallsville,4
2014-10-11,Westran,4,North Callaway,13
2014-10-11,Highland,3,Palmyra,0
2014-10-11,Holden,2,Lexington,1
2014-10-11,Holden,10,Lafayette County,4
2014-10-11,South Nodaway,3,Lexington,7
2014-10-11,North Platte,2,West Platte,1
2014-10-11,North Platte,15,Plattsburg,0
2014-10-11,Bishop LeBlond,0,West Platte,4
2014-10-11,Penney,7,Lathrop,1
2014-10-11,Trenton,1,Brookfield,3
2014-10-11,Windsor (Imperial),3,DeSoto,9
2014-10-11,Windsor (Imperial),9,North County,2
2014-10-11,DeSoto,2,Central (Park Hills),0
2014-10-11,St. Dominic,0,Warrenton,1
2014-10-11,St. Dominic,12,St. Joseph's Academy,3
2014-10-11,Warrenton,11,Winfield,2
2014-10-11,Mexico,10,Fulton,0
2014-10-11,Webb City,11,St. James,6
2014-10-11,Union,5,St. James,10
2014-10-11,Salem,4,Webb City,5
2014-10-11,Bolivar,4,Eldon,3
2014-10-11,Bolivar,6,Helias Catholic,2
2014-10-11,Eldon,6,Southern Boone,5
2014-10-11,Pleasant Hill,9,Harrisonville,4
2014-10-11,Pleasant Hill,10,Nevada,5
2014-10-11,Harrisonville,6,Clinton,1
2014-10-11,Boonville,10,Oak Grove,2
2014-10-11,Boonville,15,Marshall,0
2014-10-11,Oak Grove,8,Grain Valley,7
2014-10-11,Platte County,3,Excelsior Springs,0
2014-10-11,Platte County,1,Smithville,0
2014-10-11,Excelsior Springs,6,Richmond,2
2014-10-11,Benton,5,Cameron,4
2014-10-11,Oakville,14,Cor Jesu Academy,1
2014-10-11,Fox,12,Rockwood Summit,11
2014-10-11,Parkway South,15,Ursuline Academy,0
2014-10-11,Webster Groves,0,Kirkwood,2
2014-10-11,Lafayette (Wildwood),3,Northwest (Cedar Hill),1
2014-10-11,Eureka,4,Washington,0
2014-10-11,Marquette,10,St. Joseph's Academy,0
2014-10-11,Parkway West,5,Parkway North,11
2014-10-11,Ft. Zumwalt North,13,Ft. Zumwalt East,3
2014-10-11,Ft. Zumwalt North,10,Francis Howell North,0
2014-10-11,Francis Howell Central,6,Ft. Zumwalt East,9
2014-10-11,Francis Howell,7,Holt,8
2014-10-11,Francis Howell,10,Timberland,0
2014-10-11,Troy Buchanan,4,Holt,5
2014-10-11,Jefferson City,12,Camdenton,2
2014-10-11,Waynesville,2,Willard,0
2014-10-11,Belton,3,St. Teresa's Academy,0
2014-10-11,Belton,10,Notre Dame de Sion,0
2014-10-11,Raymore-Peculiar,6,St. Teresa's Academy,12
2014-10-11,Lee's Summit,4,Lee's Summit North,1
2014-10-11,Liberty North,4,Liberty,2
2014-10-11,Liberty North,2,Fort Osage,0
2014-10-11,Liberty,14,Kearney,4
2014-10-11,Staley,10,Park Hill,0
2014-10-11,Park Hill South,5,Central (St. Joseph),0
2014-10-12,Dora,8,Thayer,7
2014-10-12,Norborne,6,Polo,1
2014-10-12,Jefferson (Festus),1,St. Pius X (Festus),3
2014-10-12,Mansfield,5,Hartville,12
2014-10-12,Mansfield,12,Ava,8
2014-10-12,Hartville,13,Gainesville,5
2014-10-12,Neelyville,14,Houston,4
2014-10-12,East Carter,5,Houston,8
2014-10-12,Neelyville,10,Willow Springs,5
2014-10-12,Blair Oaks,4,Eugene,0
2014-10-12,Blair Oaks,15,Warsaw,0
2014-10-12,Eugene,7,Versailles,3
2014-10-12,Notre Dame (Cape Girardeau),10,Sikeston,2
2014-10-12,Lutheran South,1,Pacific,2
2014-10-12,Lutheran South,11,Affton,1
2014-10-12,Notre Dame (St. Louis),0,Pacific,1
2014-10-12,Staley,2,Park Hill South,3
2014-10-13,John F. Kennedy,8,Principia,7
2014-10-13,John F. Kennedy,24,Lutheran North,1
2014-10-13,Principia,15,Metro,0
2014-10-13,Jefferson City,5,Waynesville,2
2014-10-14,Pleasant Hope,12,Marion C. Early,5
2014-10-14,Rosati-Kain,6,Clayton,1
2014-10-14,Rosati-Kain,16,Roosevelt,1
2014-10-14,Clayton,25,Miller Career Academy,0
2014-10-14,Farmington,11,Central (Cape Girardeau),2
2014-10-14,Webb City,16,Carthage,6
2014-10-15,Worth County,3,Jamestown,4
2014-10-15,Naylor,8,Chaffee,7
2014-10-15,Van-Far,12,Crocker,0
2014-10-15,Van-Far,14,Tuscumbia,1
2014-10-15,Crocker,3,Newburg,2
2014-10-15,Fair Play,11,Walnut Grove,5
2014-10-15,Pleasant Hope,10,Iberia,2
2014-10-15,Neelyville,7,Hartville,2
2014-10-15,Fatima,8,Blair Oaks,7
2014-10-15,North Platte,7,Holden,6
2014-10-15,Brookfield,9,Penney,3
2014-10-15,DeSoto,3,Notre Dame (Cape Girardeau),2
2014-10-15,Mexico,5,Warrenton,4
2014-10-15,Bolivar,17,Webb City,2
2014-10-15,Monett,7,Marshfield,0
2014-10-15,Boonville,5,Pleasant Hill,6
2014-10-15,Benton,1,Platte County,8
2014-10-15,Lee's Summit,4,Belton,3
2014-10-15,Park Hill South,2,Liberty North,6
2014-10-15,Seckman,4,Farmington,6
2014-10-15,Oakville,6,Fox,9
2014-10-15,Parkway South,6,Kirkwood,3
2014-10-15,Lafayette (Wildwood),0,Eureka,5
2014-10-15,Ritenour,4,Hazelwood West,3
2014-10-15,Ritenour,11,Hazelwood Central,1
2014-10-15,McCluer North,5,Hazelwood West,9
2014-10-15,Marquette,10,Parkway North,12
2014-10-15,Ozark,6,Nixa,3
2014-10-15,Ozark,11,Branson,0
2014-10-15,Nixa,9,Kickapoo,5
2014-10-15,Republic,5,Webb City,4
2014-10-16,Dora,8,Naylor,4
2014-10-16,Hermitage,2,Fair Play,5
2014-10-16,Schuyler County,7,Norborne,5
2014-10-16,St. Pius X (Festus),2,Portageville,4
2014-10-16,Bowling Green,7,John F. Kennedy,4
2014-10-16,Highland,1,Centralia,12
2014-10-16,Rosati-Kain,0,Pacific,12
2014-10-16,Incarnate Word Academy,14,Riverview Gardens,4
2014-10-16,Incarnate Word Academy,16,McCluer South-Berkeley,1
2014-10-16,Riverview Gardens,17,University City,2
2014-10-16,Fox,5,Farmington,4
2014-10-16,Eureka,2,Parkway South,1
2014-10-16,Parkway North,12,Ritenour,2
2014-10-16,Holt,3,Ft. Zumwalt North,1
2014-10-16,Jefferson City,1,Blue Springs,0
2014-10-16,Republic,2,Ozark,3
2014-10-16,Carrollton,5,Holden,6
2014-10-17,Silex,5,Van-Far,3
2014-10-17,Westminster Christian Academy,8,Incarnate Word Academy,7
2014-10-18,Silex,3,Dora,9
2014-10-18,Schuyler County,3,Fair Play,2
2014-10-18,Canton,7,Jamestown,0
2014-10-18,Bowling Green,0,Portageville,1
2014-10-18,Neelyville,0,Pleasant Hope,9
2014-10-18,Centralia,1,Fatima,9
2014-10-18,Brookfield,2,North Platte,10
2014-10-18,Pacific,3,DeSoto,5
2014-10-18,Mexico,11,Westminster Christian Academy,0
2014-10-18,Monett,2,Bolivar,0
2014-10-18,Platte County,6,Pleasant Hill,5
2014-10-18,Eureka,9,Fox,2
2014-10-18,Holt,12,Parkway North,0
2014-10-18,Ozark,0,Jefferson City,5
2014-10-18,Liberty North,0,Lee's Summit,13
2014-10-24,Canton,7,Schuyler County,1
2014-10-24,Schuyler County,4,Dora,5
2014-10-24,North Platte,1,Portageville,3
2014-10-24,Pleasant Hope,1,Portageville,0
2014-10-24,North Platte,0,Fatima,6
2014-10-24,Monett,5,Mexico,3
2014-10-24,Mexico,0,DeSoto,10
2014-10-24,Platte County,2,Monett,1
2014-10-24,Jefferson City,8,Eureka,0
2014-10-24,Holt,9,Eureka,6
2014-10-24,Lee's Summit,7,Jefferson City,0
2014-10-25,Fatima,16,Pleasant Hope,3
2014-10-25,Platte County,0,DeSoto,3
2014-10-25,Lee's Summit,5,Holt,0
